Personnage;Catégorie;Opus et combat;Format;Starter joueur;Pokémon;Forme;Niveau;Objet;Talent;Capacité 1;Capacité 2;Capacité 3;Capacité 4;Source Poképédia
Cynthia;Maîtres et figures de la Ligue;Diamant/Perle — Ligue;Solo;;Spiritomb;;61;;Pression;Vent Argenté;Embargo;Vibrobscur;Psyko;https://www.pokepedia.fr/Cynthia
Cynthia;Maîtres et figures de la Ligue;Diamant/Perle — Ligue;Solo;;Lucario;;63;;Impassible;Dracochoc;Aurasphère;Psyko;Séisme;https://www.pokepedia.fr/Cynthia
Cynthia;Maîtres et figures de la Ligue;Diamant/Perle — Ligue;Solo;;Roserade;;60;;Médic Nature;Extrasenseur;Éco-Sphère;Bomb-Beurk;Ball'Ombre;https://www.pokepedia.fr/Cynthia
Cynthia;Maîtres et figures de la Ligue;Diamant/Perle — Ligue;Solo;;Milobellus;;63;;Écaille Spé.;Voile Miroir;Laser Glace;Surf;Anneau Hydro;https://www.pokepedia.fr/Cynthia
Cynthia;Maîtres et figures de la Ligue;Diamant/Perle — Ligue;Solo;;Tritosor;Occident;60;;Glue;Bomb-Beurk;Ocroupi;Lame de Roc;Séisme;https://www.pokepedia.fr/Cynthia
Cynthia;Maîtres et figures de la Ligue;Diamant/Perle — Ligue;Solo;;Carchacrok;;66;Baie Sitrus;Voile Sable;Dracocharge;Giga Impact;Séisme;Casse-Brique;https://www.pokepedia.fr/Cynthia
Cynthia;Maîtres et figures de la Ligue;Platine — revanche;Solo;;Spiritomb;;74;;Pression;Vent Argenté;Vent Mauvais;Vibrobscur;Psyko;https://www.pokepedia.fr/Cynthia
Cynthia;Maîtres et figures de la Ligue;Platine — revanche;Solo;;Lucario;;76;;Impassible;Psyko;Séisme;Aurasphère;Dracochoc;https://www.pokepedia.fr/Cynthia
Cynthia;Maîtres et figures de la Ligue;Platine — revanche;Solo;;Roserade;;74;;Médic Nature;Extrasenseur;Éco-Sphère;Bomb-Beurk;Ball'Ombre;https://www.pokepedia.fr/Cynthia
Cynthia;Maîtres et figures de la Ligue;Platine — revanche;Solo;;Milobellus;;74;;Écaille Spé.;Voile Miroir;Laser Glace;Surf;Anneau Hydro;https://www.pokepedia.fr/Cynthia
Cynthia;Maîtres et figures de la Ligue;Platine — revanche;Solo;;Togekiss;;76;;Agitation;Lame d'Air;Psyko;Aurasphère;Vibraqua;https://www.pokepedia.fr/Cynthia
Cynthia;Maîtres et figures de la Ligue;Platine — revanche;Solo;;Carchacrok;;78;Baie Sitrus;Voile Sable;Dracocharge;Giga Impact;Séisme;Casse-Brique;https://www.pokepedia.fr/Cynthia
Cynthia;Maîtres et figures de la Ligue;Diamant Étincelant/Perle Scintillante — deuxième revanche;Solo;;Spiritomb;;84;Baie Sitrus;Pression;Ball'Ombre;Vibrobscur;Feu Follet;Coup Bas;https://www.pokepedia.fr/Cynthia
Cynthia;Maîtres et figures de la Ligue;Diamant Étincelant/Perle Scintillante — deuxième revanche;Solo;;Porygon-Z;;85;Ceinture Pro;Adaptabilité;Ultralaser;Ball'Ombre;Laser Glace;Tonnerre;https://www.pokepedia.fr/Cynthia
Cynthia;Maîtres et figures de la Ligue;Diamant Étincelant/Perle Scintillante — deuxième revanche;Solo;;Togekiss;;86;Restes;Sérénité;Lame d'Air;Éclat Magique;Aurasphère;Cage Éclair;https://www.pokepedia.fr/Cynthia
Cynthia;Maîtres et figures de la Ligue;Diamant Étincelant/Perle Scintillante — deuxième revanche;Solo;;Lucario;;86;Ceinture Force;Attention;Close Combat;Poing Météore;Séisme;Vitesse Extrême;https://www.pokepedia.fr/Cynthia
Cynthia;Maîtres et figures de la Ligue;Diamant Étincelant/Perle Scintillante — deuxième revanche;Solo;;Milobellus;;84;Orbe Flamme;Écaille Spéciale;Soin;Voile Miroir;Laser Glace;Ébullition;https://www.pokepedia.fr/Cynthia
Cynthia;Maîtres et figures de la Ligue;Diamant Étincelant/Perle Scintillante — deuxième revanche;Solo;;Carchacrok;;88;Baie Nanone;Peau Dure;Draco-Griffe;Séisme;Danse Lames;Direct Toxik;https://www.pokepedia.fr/Cynthia
Cynthia;Maîtres et figures de la Ligue;Noir/Blanc — Vaguelone;Solo;;Spiritomb;;75;;Pression;Ball'Ombre;Reflet;Feu Follet;Coup Bas;https://www.pokepedia.fr/Cynthia
Cynthia;Maîtres et figures de la Ligue;Noir/Blanc — Vaguelone;Solo;;Lucario;;75;;Impassible;Aurasphère;Close Combat;Vit.Extrême;Dracochoc;https://www.pokepedia.fr/Cynthia
Cynthia;Maîtres et figures de la Ligue;Noir/Blanc — Vaguelone;Solo;;Ohmassacre;;75;;Lévitation;Lance-Flamme;Dracogriffe;Mâchouille;Éclair Fou;https://www.pokepedia.fr/Cynthia
Cynthia;Maîtres et figures de la Ligue;Noir/Blanc — Vaguelone;Solo;;Milobellus;;75;;Écaille Spé.;Hydrocanon;Blizzard;Draco-Queue;Piétisol;https://www.pokepedia.fr/Cynthia
Cynthia;Maîtres et figures de la Ligue;Noir/Blanc — Vaguelone;Solo;;Gueriaigle;;75;;Sans Limite;Rapace;Griffe Ombre;Éclategriffe;Vengeance;https://www.pokepedia.fr/Cynthia
Cynthia;Maîtres et figures de la Ligue;Noir/Blanc — Vaguelone;Solo;;Carchacrok;;77;;Voile Sable;Dracocharge;Lame de Roc;Séisme;Mâchouille;https://www.pokepedia.fr/Cynthia
Cynthia;Maîtres et figures de la Ligue;Noir 2/Blanc 2 — Vaguelone;Solo;;Spiritomb;;76;;Pression;Ball'Ombre;Reflet;Dévorêve;Hypnose;https://www.pokepedia.fr/Cynthia
Cynthia;Maîtres et figures de la Ligue;Noir 2/Blanc 2 — Vaguelone;Solo;;Lucario;;76;;Impassible;Psyko;Close Combat;Vit.Extrême;Luminocanon;https://www.pokepedia.fr/Cynthia
Cynthia;Maîtres et figures de la Ligue;Noir 2/Blanc 2 — Vaguelone;Solo;;Givrali;;76;;Rideau Neige;Laser Glace;Rayon Signal;Bouclier;Ball'Ombre;https://www.pokepedia.fr/Cynthia
Cynthia;Maîtres et figures de la Ligue;Noir 2/Blanc 2 — Vaguelone;Solo;;Milobellus;;76;;Écaille Spé.;Repos;Blizzard;Hydrocanon;Attraction;https://www.pokepedia.fr/Cynthia
Cynthia;Maîtres et figures de la Ligue;Noir 2/Blanc 2 — Vaguelone;Solo;;Togekiss;;76;;Agitation;Lame d'Air;Vit.Extrême;Aurasphère;Cage-Éclair;https://www.pokepedia.fr/Cynthia
Cynthia;Maîtres et figures de la Ligue;Noir 2/Blanc 2 — Vaguelone;Solo;;Carchacrok;;78;;Voile Sable;Dracocharge;Lame de Roc;Séisme;Déflagration;https://www.pokepedia.fr/Cynthia
Red;Maîtres et figures de la Ligue;Or/Argent/Cristal — Mont Argenté;Solo;;Pikachu;;81;;;Vive-Attaque;Charme;Tonnerre;Fatal-Foudre;https://www.pokepedia.fr/Red
Red;Maîtres et figures de la Ligue;Or/Argent/Cristal — Mont Argenté;Solo;;Mentali;;73;;;Météores;Protection;Coud'Boue;Psyko;https://www.pokepedia.fr/Red
Red;Maîtres et figures de la Ligue;Or/Argent/Cristal — Mont Argenté;Solo;;Ronflex;;75;;;Plaquage;Repos;Ronflement;Amnésie;https://www.pokepedia.fr/Red
Red;Maîtres et figures de la Ligue;Or/Argent/Cristal — Mont Argenté;Solo;;Florizarre;;77;;;Giga-Sangsue;Zénith;Synthèse;Lance-Soleil;https://www.pokepedia.fr/Red
Red;Maîtres et figures de la Ligue;Or/Argent/Cristal — Mont Argenté;Solo;;Dracaufeu;;77;;;Cru-Aile;Danseflamme;Tranche;Lance-Flamme;https://www.pokepedia.fr/Red
Red;Maîtres et figures de la Ligue;Or/Argent/Cristal — Mont Argenté;Solo;;Tortank;;77;;;Surf;Danse Pluie;Blizzard;Siphon;https://www.pokepedia.fr/Red
Red;Maîtres et figures de la Ligue;HeartGold/SoulSilver — Mont Argenté;Solo;;Pikachu;;88;Balle Lumière;Statik;Électacle;Tonnerre;Vive-Attaque;Queue de Fer;https://www.pokepedia.fr/Red
Red;Maîtres et figures de la Ligue;HeartGold/SoulSilver — Mont Argenté;Solo;;Lokhlass;;80;;Coque Armure;Blizzard;Saumure;Psyko;Plaquage;https://www.pokepedia.fr/Red
Red;Maîtres et figures de la Ligue;HeartGold/SoulSilver — Mont Argenté;Solo;;Ronflex;;82;;Isograisse;Ball'Ombre;Mâchouille;Blizzard;Giga Impact;https://www.pokepedia.fr/Red
Red;Maîtres et figures de la Ligue;HeartGold/SoulSilver — Mont Argenté;Solo;;Florizarre;;84;;Engrais;Bomb-Beurk;Poudre Dodo;Giga-Sangsue;Végé-Attak;https://www.pokepedia.fr/Red
Red;Maîtres et figures de la Ligue;HeartGold/SoulSilver — Mont Argenté;Solo;;Dracaufeu;;84;;Brasier;Lame d'Air;Dracochoc;Boutefeu;Rafale Feu;https://www.pokepedia.fr/Red
Red;Maîtres et figures de la Ligue;HeartGold/SoulSilver — Mont Argenté;Solo;;Tortank;;84;;Torrent;Exploforce;Blizzard;Luminocanon;Hydroblast;https://www.pokepedia.fr/Red
Red;Maîtres et figures de la Ligue;Let’s Go — Plateau Indigo;Solo;;Pikachu;;85;;;Tonnerre;Casse-Brique;Queue de Fer;Protection;https://www.pokepedia.fr/Red
Red;Maîtres et figures de la Ligue;Let’s Go — Plateau Indigo;Solo;;Mackogneur;;85;;;Surpuissance;Déflagration;Séisme;Ultralaser;https://www.pokepedia.fr/Red
Red;Maîtres et figures de la Ligue;Let’s Go — Plateau Indigo;Solo;;Arcanin;;85;;;Canicule;Mâchouille;Feu Follet;Hurlement;https://www.pokepedia.fr/Red
Red;Maîtres et figures de la Ligue;Let’s Go — Plateau Indigo;Solo;;Lokhlass;;85;;;Éclats Glace;Cascade;Plaquage;Mégacorne;https://www.pokepedia.fr/Red
Red;Maîtres et figures de la Ligue;Let’s Go — Plateau Indigo;Solo;;Ronflex;;85;;;Toxik;Abri;Repos;Plaquage;https://www.pokepedia.fr/Red
Red;Maîtres et figures de la Ligue;Let’s Go — Plateau Indigo;Solo;;Florizarre;Méga;85;;;Bomb-Beurk;Méga-Sangsue;Vampigraine;Amnésie;https://www.pokepedia.fr/Red
Blue;Maîtres et figures de la Ligue;HeartGold/SoulSilver — revanche;Solo;;Roucarnage;;72;Baie Sitrus;Pied Confus;Retour;Reflet;Lame d'Air;Aile d'Acier;https://www.pokepedia.fr/Blue
Blue;Maîtres et figures de la Ligue;HeartGold/SoulSilver — revanche;Solo;;Noadkoko;;67;;Chlorophyle;Psyko;Distorsion;Tempêteverte;Explosion;https://www.pokepedia.fr/Blue
Blue;Maîtres et figures de la Ligue;HeartGold/SoulSilver — revanche;Solo;;Arcanin;;68;;Torche;Mâchouille;Boutefeu;Crocs Éclair;Vit.Extrême;https://www.pokepedia.fr/Blue
Blue;Maîtres et figures de la Ligue;HeartGold/SoulSilver — revanche;Solo;;Rhinastoc;;70;;Paratonnerre;Séisme;Mégacorne;Lame de Roc;Crocs Éclair;https://www.pokepedia.fr/Blue
Blue;Maîtres et figures de la Ligue;HeartGold/SoulSilver — revanche;Solo;;Tyranocif;;70;;Sable Volant;Éboulement;Balayage;Crocs Feu;Séisme;https://www.pokepedia.fr/Blue
Blue;Maîtres et figures de la Ligue;HeartGold/SoulSilver — revanche;Solo;;Mackogneur;;69;Balle Fer;Annule Garde;Dégommage;Dynamopoing;Lame de Roc;Attraction;https://www.pokepedia.fr/Blue
Blue;Maîtres et figures de la Ligue;Let’s Go — revanche;Solo;;Tauros;;66;;;Damoclès;Séisme;Éboulement;Queue de Fer;https://www.pokepedia.fr/Blue
Blue;Maîtres et figures de la Ligue;Let’s Go — revanche;Solo;;Léviator;;66;;;Cascade;Mâchouille;Colère;Séisme;https://www.pokepedia.fr/Blue
Blue;Maîtres et figures de la Ligue;Let’s Go — revanche;Solo;;Ptéra;;66;;;Éboulement;Mâchouille;Queue de Fer;Séisme;https://www.pokepedia.fr/Blue
Blue;Maîtres et figures de la Ligue;Let’s Go — revanche;Solo;;Alakazam;;66;;;Éclat Magique;Protection;Psyko;Tricherie;https://www.pokepedia.fr/Blue
Blue;Maîtres et figures de la Ligue;Let’s Go — revanche;Solo;;Noadkoko;;66;;;Mégafouet;Psyko;Écrasement;Mur Lumière;https://www.pokepedia.fr/Blue
Blue;Maîtres et figures de la Ligue;Let’s Go — revanche;Solo;;Dracaufeu;Méga Y;68;;;Déflagration;Ultralaser;Lame d'Air;Dracochoc;https://www.pokepedia.fr/Blue
Blue — Champion RF/VF;Maîtres et figures de la Ligue;Rouge Feu/Vert Feuille — deuxième Ligue, Dracaufeu;Solo;Bulbizarre;Scarhino;;72;;Essaim;Mégacorne;Riposte;Tomberoche;Séisme;https://www.pokepedia.fr/Blue/%C3%89quipes_dans_Pok%C3%A9mon_Rouge_Feu_et_Vert_Feuille
Blue — Champion RF/VF;Maîtres et figures de la Ligue;Rouge Feu/Vert Feuille — deuxième Ligue, Dracaufeu;Solo;Bulbizarre;Alakazam;;73;;Synchro;Psyko;Protection;Plénitude;Ball'Ombre;https://www.pokepedia.fr/Blue/%C3%89quipes_dans_Pok%C3%A9mon_Rouge_Feu_et_Vert_Feuille
Blue — Champion RF/VF;Maîtres et figures de la Ligue;Rouge Feu/Vert Feuille — deuxième Ligue, Dracaufeu;Solo;Bulbizarre;Tyranocif;;72;;Sable Volant;Mâchouille;Tonnerre;Séisme;Aéropique;https://www.pokepedia.fr/Blue/%C3%89quipes_dans_Pok%C3%A9mon_Rouge_Feu_et_Vert_Feuille
Blue — Champion RF/VF;Maîtres et figures de la Ligue;Rouge Feu/Vert Feuille — deuxième Ligue, Dracaufeu;Solo;Bulbizarre;Noadkoko;;73;;Chlorophylle;Giga-Sangsue;Mur Lumière;Poudre Dodo;Psyko;https://www.pokepedia.fr/Blue/%C3%89quipes_dans_Pok%C3%A9mon_Rouge_Feu_et_Vert_Feuille
Blue — Champion RF/VF;Maîtres et figures de la Ligue;Rouge Feu/Vert Feuille — deuxième Ligue, Dracaufeu;Solo;Bulbizarre;Léviator;;73;;Intimidation;Hydrocanon;Danse Draco;Séisme;Ultralaser;https://www.pokepedia.fr/Blue/%C3%89quipes_dans_Pok%C3%A9mon_Rouge_Feu_et_Vert_Feuille
Blue — Champion RF/VF;Maîtres et figures de la Ligue;Rouge Feu/Vert Feuille — deuxième Ligue, Dracaufeu;Solo;Bulbizarre;Dracaufeu;;75;Baie Sitrus;Brasier;Déflagration;Aéropique;Dracogriffe;Séisme;https://www.pokepedia.fr/Blue/%C3%89quipes_dans_Pok%C3%A9mon_Rouge_Feu_et_Vert_Feuille
Blue — Champion RF/VF;Maîtres et figures de la Ligue;Rouge Feu/Vert Feuille — deuxième Ligue, Tortank;Solo;Salamèche;Scarhino;;72;;Essaim;Mégacorne;Riposte;Tomberoche;Séisme;https://www.pokepedia.fr/Blue/%C3%89quipes_dans_Pok%C3%A9mon_Rouge_Feu_et_Vert_Feuille
Blue — Champion RF/VF;Maîtres et figures de la Ligue;Rouge Feu/Vert Feuille — deuxième Ligue, Tortank;Solo;Salamèche;Alakazam;;73;;Synchro;Psyko;Protection;Plénitude;Ball'Ombre;https://www.pokepedia.fr/Blue/%C3%89quipes_dans_Pok%C3%A9mon_Rouge_Feu_et_Vert_Feuille
Blue — Champion RF/VF;Maîtres et figures de la Ligue;Rouge Feu/Vert Feuille — deuxième Ligue, Tortank;Solo;Salamèche;Tyranocif;;72;;Sable Volant;Mâchouille;Tonnerre;Séisme;Aéropique;https://www.pokepedia.fr/Blue/%C3%89quipes_dans_Pok%C3%A9mon_Rouge_Feu_et_Vert_Feuille
Blue — Champion RF/VF;Maîtres et figures de la Ligue;Rouge Feu/Vert Feuille — deuxième Ligue, Tortank;Solo;Salamèche;Noadkoko;;73;;Chlorophylle;Giga-Sangsue;Mur Lumière;Poudre Dodo;Psyko;https://www.pokepedia.fr/Blue/%C3%89quipes_dans_Pok%C3%A9mon_Rouge_Feu_et_Vert_Feuille
Blue — Champion RF/VF;Maîtres et figures de la Ligue;Rouge Feu/Vert Feuille — deuxième Ligue, Tortank;Solo;Salamèche;Arcanin;;73;;Intimidation;Surchauffe;Vit. Extrême;Queue de Fer;Aéropique;https://www.pokepedia.fr/Blue/%C3%89quipes_dans_Pok%C3%A9mon_Rouge_Feu_et_Vert_Feuille
Blue — Champion RF/VF;Maîtres et figures de la Ligue;Rouge Feu/Vert Feuille — deuxième Ligue, Tortank;Solo;Salamèche;Tortank;;75;Baie Sitrus;Torrent;Danse Pluie;Hydrocanon;Laser Glace;Séisme;https://www.pokepedia.fr/Blue/%C3%89quipes_dans_Pok%C3%A9mon_Rouge_Feu_et_Vert_Feuille
Blue — Champion RF/VF;Maîtres et figures de la Ligue;Rouge Feu/Vert Feuille — deuxième Ligue, Florizarre;Solo;Carapuce;Scarhino;;72;;Essaim;Mégacorne;Riposte;Tomberoche;Séisme;https://www.pokepedia.fr/Blue/%C3%89quipes_dans_Pok%C3%A9mon_Rouge_Feu_et_Vert_Feuille
Blue — Champion RF/VF;Maîtres et figures de la Ligue;Rouge Feu/Vert Feuille — deuxième Ligue, Florizarre;Solo;Carapuce;Alakazam;;73;;Synchro;Psyko;Protection;Plénitude;Ball'Ombre;https://www.pokepedia.fr/Blue/%C3%89quipes_dans_Pok%C3%A9mon_Rouge_Feu_et_Vert_Feuille
Blue — Champion RF/VF;Maîtres et figures de la Ligue;Rouge Feu/Vert Feuille — deuxième Ligue, Florizarre;Solo;Carapuce;Tyranocif;;72;;Sable Volant;Mâchouille;Tonnerre;Séisme;Aéropique;https://www.pokepedia.fr/Blue/%C3%89quipes_dans_Pok%C3%A9mon_Rouge_Feu_et_Vert_Feuille
Blue — Champion RF/VF;Maîtres et figures de la Ligue;Rouge Feu/Vert Feuille — deuxième Ligue, Florizarre;Solo;Carapuce;Arcanin;;73;;Intimidation;Surchauffe;Vit. Extrême;Queue de Fer;Aéropique;https://www.pokepedia.fr/Blue/%C3%89quipes_dans_Pok%C3%A9mon_Rouge_Feu_et_Vert_Feuille
Blue — Champion RF/VF;Maîtres et figures de la Ligue;Rouge Feu/Vert Feuille — deuxième Ligue, Florizarre;Solo;Carapuce;Léviator;;73;;Intimidation;Hydrocanon;Danse Draco;Séisme;Ultralaser;https://www.pokepedia.fr/Blue/%C3%89quipes_dans_Pok%C3%A9mon_Rouge_Feu_et_Vert_Feuille
Blue — Champion RF/VF;Maîtres et figures de la Ligue;Rouge Feu/Vert Feuille — deuxième Ligue, Florizarre;Solo;Carapuce;Florizarre;;75;Baie Sitrus;Engrais;Lance-Soleil;Zénith;Séisme;Bomb-Beurk;https://www.pokepedia.fr/Blue/%C3%89quipes_dans_Pok%C3%A9mon_Rouge_Feu_et_Vert_Feuille
Peter;Maîtres et figures de la Ligue;Rouge Feu/Vert Feuille — revanche;Solo;;Léviator;;68;;Intimidation;Danse Draco;Séisme;Cage-Éclair;Ultralaser;https://www.pokepedia.fr/Peter
Peter;Maîtres et figures de la Ligue;Rouge Feu/Vert Feuille — revanche;Solo;;Dracolosse;;66;;Attention;Lance-Flamme;Séisme;Dracogriffe;Ultralaser;https://www.pokepedia.fr/Peter
Peter;Maîtres et figures de la Ligue;Rouge Feu/Vert Feuille — revanche;Solo;;Hyporoi;;66;;Glissade;Danse Draco;Laser Glace;Surf;Ultralaser;https://www.pokepedia.fr/Peter
Peter;Maîtres et figures de la Ligue;Rouge Feu/Vert Feuille — revanche;Solo;;Ptéra;;70;;Pression;Aéropique;Séisme;Pouv.Antique;Ultralaser;https://www.pokepedia.fr/Peter
Peter;Maîtres et figures de la Ligue;Rouge Feu/Vert Feuille — revanche;Solo;;Dracolosse;;72;Baie Kika;Attention;Tonnerre;Laser Glace;Colère;Ultralaser;https://www.pokepedia.fr/Peter
Peter;Maîtres et figures de la Ligue;HeartGold/SoulSilver — deuxième Ligue;Solo;;Drattak;;72;Baie Prine;Intimidation;Dracogriffe;Lance-Flamme;Griffe Ombre;Repos;https://www.pokepedia.fr/Peter
Peter;Maîtres et figures de la Ligue;HeartGold/SoulSilver — deuxième Ligue;Solo;;Léviator;;68;;Intimidation;Cage-Éclair;Danse Draco;Cascade;Crocs Givre;https://www.pokepedia.fr/Peter
Peter;Maîtres et figures de la Ligue;HeartGold/SoulSilver — deuxième Ligue;Solo;;Carchacrok;;72;;Voile Sable;Colère;Danse-Lames;Séisme;Hurlement;https://www.pokepedia.fr/Peter
Peter;Maîtres et figures de la Ligue;HeartGold/SoulSilver — deuxième Ligue;Solo;;Altaria;;73;;Médic Nature;Dracosouffle;Reflet;Requiem;Ultralaser;https://www.pokepedia.fr/Peter
Peter;Maîtres et figures de la Ligue;HeartGold/SoulSilver — deuxième Ligue;Solo;;Dracaufeu;;68;;Brasier;Dracogriffe;Lance-Flamme;Ultralaser;Lame d'Air;https://www.pokepedia.fr/Peter
Peter;Maîtres et figures de la Ligue;HeartGold/SoulSilver — deuxième Ligue;Solo;;Dracolosse;;75;;Attention;Rune Protect;Draco Météor;Déflagration;Ultralaser;https://www.pokepedia.fr/Peter
Pierre Rochard;Maîtres et figures de la Ligue;Émeraude — Site Météore;Solo;;Airmure;;77;;Regard Vif;Toxik;Aile d'Acier;Aéropique;Picots;https://www.pokepedia.fr/Pierre_Rochard
Pierre Rochard;Maîtres et figures de la Ligue;Émeraude — Site Météore;Solo;;Vacilys;;76;;Ventouse;Onde Folie;Pouvoir Antique;Racines;Giga-Sangsue;https://www.pokepedia.fr/Pierre_Rochard
Pierre Rochard;Maîtres et figures de la Ligue;Émeraude — Site Météore;Solo;;Kaorine;;75;;Lévitation;Séisme;Pouvoir Antique;Mur Lumière;Protection;https://www.pokepedia.fr/Pierre_Rochard
Pierre Rochard;Maîtres et figures de la Ligue;Émeraude — Site Météore;Solo;;Armaldo;;76;;Armurbaston;Tranche;Pouvoir Antique;Aéropique;Vibraqua;https://www.pokepedia.fr/Pierre_Rochard
Pierre Rochard;Maîtres et figures de la Ligue;Émeraude — Site Météore;Solo;;Galeking;;76;;Fermeté;Séisme;Dracogriffe;Fatal-Foudre;Lance-Soleil;https://www.pokepedia.fr/Pierre_Rochard
Pierre Rochard;Maîtres et figures de la Ligue;Émeraude — Site Météore;Solo;;Métalosse;;78;Baie Sitrus;Corps Sain;Séisme;Psyko;Poing Météor;Ball'Ombre;https://www.pokepedia.fr/Pierre_Rochard
Pierre Rochard;Maîtres et figures de la Ligue;Rubis Oméga/Saphir Alpha — deuxième Ligue;Solo;;Airmure;;77;;Fermeté;Toxik;Aéropique;Picots;Aile d'Acier;https://www.pokepedia.fr/Pierre_Rochard
Pierre Rochard;Maîtres et figures de la Ligue;Rubis Oméga/Saphir Alpha — deuxième Ligue;Solo;;Kaorine;;77;;Lévitation;Protection;Mur Lumière;Extrasenseur;Telluriforce;https://www.pokepedia.fr/Pierre_Rochard
Pierre Rochard;Maîtres et figures de la Ligue;Rubis Oméga/Saphir Alpha — deuxième Ligue;Solo;;Strassie;;77;;Corps Sain;Pouvoir Lunaire;Rayon Gemme;Psyko;Telluriforce;https://www.pokepedia.fr/Pierre_Rochard
Pierre Rochard;Maîtres et figures de la Ligue;Rubis Oméga/Saphir Alpha — deuxième Ligue;Solo;;Ptéra;;77;;Pression;Éboulement;Crocs Feu;Crocs Éclair;Crocs Givre;https://www.pokepedia.fr/Pierre_Rochard
Pierre Rochard;Maîtres et figures de la Ligue;Rubis Oméga/Saphir Alpha — deuxième Ligue;Solo;;Galeking;;77;;Fermeté;Lame de Roc;Séisme;Queue de Fer;Dracogriffe;https://www.pokepedia.fr/Pierre_Rochard
Pierre Rochard;Maîtres et figures de la Ligue;Rubis Oméga/Saphir Alpha — deuxième Ligue;Solo;;Métalosse;Méga;79;Métalossite;Griffe Dure;Pisto-Poing;Psykoud'Boul;Poing Météor;Giga Impact;https://www.pokepedia.fr/Pierre_Rochard
Marc;Maîtres et figures de la Ligue;Émeraude — Maître de la Ligue;Solo;;Wailord;;57;;Ignifu-Voile;Giclédo;Blizzard;Damoclès;Danse Pluie;https://www.pokepedia.fr/Marc_(Hoenn)
Marc;Maîtres et figures de la Ligue;Émeraude — Maître de la Ligue;Solo;;Tentacruel;;55;;Corps Sain;Hydrocanon;Toxik;Bomb-Beurk;Laser Glace;https://www.pokepedia.fr/Marc_(Hoenn)
Marc;Maîtres et figures de la Ligue;Émeraude — Maître de la Ligue;Solo;;Léviator;;56;;Intimidation;Surf;Ultralaser;Séisme;Danse Draco;https://www.pokepedia.fr/Marc_(Hoenn)
Marc;Maîtres et figures de la Ligue;Émeraude — Maître de la Ligue;Solo;;Ludicolo;;56;;Glissade;Surf;Giga-Sangsue;Vampigraine;Reflet;https://www.pokepedia.fr/Marc_(Hoenn)
Marc;Maîtres et figures de la Ligue;Émeraude — Maître de la Ligue;Solo;;Barbicha;;56;;Benêt;Surf;Ultralaser;Séisme;Amnésie;https://www.pokepedia.fr/Marc_(Hoenn)
Marc;Maîtres et figures de la Ligue;Émeraude — Maître de la Ligue;Solo;;Milobellus;;58;Baie Sitrus;Écaille Spé.;Surf;Laser Glace;Toxik;Soin;https://www.pokepedia.fr/Marc_(Hoenn)
Marc;Maîtres et figures de la Ligue;Rubis Oméga/Saphir Alpha — Épisode Delta;Solo;;Wailord;;55;;Benêt;Giclédo;Tacle Lourd;Séisme;Blizzard;https://www.pokepedia.fr/Marc_(Hoenn)
Marc;Maîtres et figures de la Ligue;Rubis Oméga/Saphir Alpha — Épisode Delta;Solo;;Tentacruel;;55;;Corps Sain;Cradovague;Saumure;Danse Pluie;Éclat Magique;https://www.pokepedia.fr/Marc_(Hoenn)
Marc;Maîtres et figures de la Ligue;Rubis Oméga/Saphir Alpha — Épisode Delta;Solo;;Ludicolo;;55;;Glissade;Laser Glace;Éco-Sphère;Ébullition;Bluff;https://www.pokepedia.fr/Marc_(Hoenn)
Marc;Maîtres et figures de la Ligue;Rubis Oméga/Saphir Alpha — Épisode Delta;Solo;;Barbicha;;55;;Benêt;Séisme;Danse Pluie;Tomberoche;Ocroupi;https://www.pokepedia.fr/Marc_(Hoenn)
Marc;Maîtres et figures de la Ligue;Rubis Oméga/Saphir Alpha — Épisode Delta;Solo;;Léviator;;55;;Intimidation;Cascade;Mâchouille;Crocs Givre;Lame de Roc;https://www.pokepedia.fr/Marc_(Hoenn)
Marc;Maîtres et figures de la Ligue;Rubis Oméga/Saphir Alpha — Épisode Delta;Solo;;Milobellus;;57;;Écaille Spéciale;Dracochoc;Blizzard;Hydrocanon;Soin;https://www.pokepedia.fr/Marc_(Hoenn)
Goyah;Maîtres et figures de la Ligue;Noir/Blanc — Ligue postgame;Solo;;Limaspeed;;75;;Hydratation;Bourdon;Exploforce;Moi d'Abord;Éco-Sphère;https://www.pokepedia.fr/Goyah
Goyah;Maîtres et figures de la Ligue;Noir/Blanc — Ligue postgame;Solo;;Frison;;75;;Herbivore;Peignée;Mégacorne;Lame de Roc;Séisme;https://www.pokepedia.fr/Goyah
Goyah;Maîtres et figures de la Ligue;Noir/Blanc — Ligue postgame;Solo;;Drakkarmin;;75;;Peau Dure;Colère;Tranche-Nuit;Représailles;Surpuissance;https://www.pokepedia.fr/Goyah
Goyah;Maîtres et figures de la Ligue;Noir/Blanc — Ligue postgame;Solo;;Sorbouboul;;75;;Corps Gel;Blizzard;Mur Lumière;Luminocanon;Acidarmure;https://www.pokepedia.fr/Goyah
Goyah;Maîtres et figures de la Ligue;Noir/Blanc — Ligue postgame;Solo;;Lançargot;;75;;Essaim;Plaie-Croix;Tête de Fer;Aéropique;Giga Impact;https://www.pokepedia.fr/Goyah
Goyah;Maîtres et figures de la Ligue;Noir/Blanc — Ligue postgame;Solo;;Pyrax;;77;;Corps Ardent;Bourdon;Surchauffe;Papillodanse;Ultralaser;https://www.pokepedia.fr/Goyah
Goyah;Maîtres et figures de la Ligue;Noir 2/Blanc 2 — Renouet, mode Challenge;Solo;;Limaspeed;;61;;Hydratation;Bourdon;Exploforce;Giga-Sangsue;Bombe Acide;https://www.pokepedia.fr/Goyah
Goyah;Maîtres et figures de la Ligue;Noir 2/Blanc 2 — Renouet, mode Challenge;Solo;;Frison;;61;;Herbivore;Peignée;Mégacorne;Séisme;Éclair Fou;https://www.pokepedia.fr/Goyah
Goyah;Maîtres et figures de la Ligue;Noir 2/Blanc 2 — Renouet, mode Challenge;Solo;;Bétochef;;61;;Cran;Surpuissance;Lame de Roc;Direct Toxik;Séisme;https://www.pokepedia.fr/Goyah
Goyah;Maîtres et figures de la Ligue;Noir 2/Blanc 2 — Renouet, mode Challenge;Solo;;Lançargot;;61;;Essaim;Plaie-Croix;Tête de Fer;Contre;Danse-Lames;https://www.pokepedia.fr/Goyah
Goyah;Maîtres et figures de la Ligue;Noir 2/Blanc 2 — Renouet, mode Challenge;Solo;;Gueriaigle;;61;;Regard Vif;Éclategriffe;Surpuissance;Aéropique;Éboulement;https://www.pokepedia.fr/Goyah
Goyah;Maîtres et figures de la Ligue;Noir 2/Blanc 2 — Renouet, mode Challenge;Solo;;Pyrax;;63;Baie Sitrus;Corps Ardent;Canicule;Papillodanse;Vent Argenté;Psyko;https://www.pokepedia.fr/Goyah
Iris;Maîtres et figures de la Ligue;Noir 2/Blanc 2 — deuxième Ligue, mode Normal;Solo;;Trioxhydre;;76;;Lévitation;Déflagration;Exploforce;Dracochoc;Surf;https://www.pokepedia.fr/Iris_(Unys)
Iris;Maîtres et figures de la Ligue;Noir 2/Blanc 2 — deuxième Ligue, mode Normal;Solo;;Drakkarmin;;76;Orbe Vie;Sans Limite;Poing de Feu;Poing-Éclair;Colère;Exploforce;https://www.pokepedia.fr/Iris_(Unys)
Iris;Maîtres et figures de la Ligue;Noir 2/Blanc 2 — deuxième Ligue, mode Normal;Solo;;Galeking;;76;;Tête de Roc;Séisme;Damoclès;Lame de Roc;Allègement;https://www.pokepedia.fr/Iris_(Unys)
Iris;Maîtres et figures de la Ligue;Noir 2/Blanc 2 — deuxième Ligue, mode Normal;Solo;;Aéroptéryx;;76;;Défaitiste;Acrobatie;Lame de Roc;Dracogriffe;Effort;https://www.pokepedia.fr/Iris_(Unys)
Iris;Maîtres et figures de la Ligue;Noir 2/Blanc 2 — deuxième Ligue, mode Normal;Solo;;Lokhlass;;76;;Absorb Eau;Hydrocanon;Blizzard;Fatal-Foudre;Berceuse;https://www.pokepedia.fr/Iris_(Unys)
Iris;Maîtres et figures de la Ligue;Noir 2/Blanc 2 — deuxième Ligue, mode Normal;Solo;;Tranchodon;;78;Ceinture Force;Brise Moule;Séisme;Guillotine;Colère;Danse Draco;https://www.pokepedia.fr/Iris_(Unys)
Iris;Maîtres et figures de la Ligue;Noir 2/Blanc 2 — deuxième Ligue, mode Challenge;Solo;;Trioxhydre;;81;Lunettes Sages;Lévitation;Dracochoc;Déflagration;Exploforce;Surf;https://www.pokepedia.fr/Iris_(Unys)
Iris;Maîtres et figures de la Ligue;Noir 2/Blanc 2 — deuxième Ligue, mode Challenge;Solo;;Drattak;;81;Orbe Vie;Intimidation;Mâchouille;Draco Météor;Déflagration;Séisme;https://www.pokepedia.fr/Iris_(Unys)
Iris;Maîtres et figures de la Ligue;Noir 2/Blanc 2 — deuxième Ligue, mode Challenge;Solo;;Galeking;;81;Bandeau Muscle;Tête de Roc;Allègement;Séisme;Fracass'Tête;Damoclès;https://www.pokepedia.fr/Iris_(Unys)
Iris;Maîtres et figures de la Ligue;Noir 2/Blanc 2 — deuxième Ligue, mode Challenge;Solo;;Aéroptéryx;;81;Joyau Vol;Défaitiste;Lame de Roc;Acrobatie;Dracogriffe;Effort;https://www.pokepedia.fr/Iris_(Unys)
Iris;Maîtres et figures de la Ligue;Noir 2/Blanc 2 — deuxième Ligue, mode Challenge;Solo;;Lokhlass;;81;Lentille Zoom;Absorb Eau;Hydrocanon;Fatal-Foudre;Berceuse;Blizzard;https://www.pokepedia.fr/Iris_(Unys)
Iris;Maîtres et figures de la Ligue;Noir 2/Blanc 2 — deuxième Ligue, mode Challenge;Solo;;Tranchodon;;83;Ceinture Force;Brise Moule;Séisme;Danse Draco;Colère;Guillotine;https://www.pokepedia.fr/Iris_(Unys)
Dianthéa;Maîtres et figures de la Ligue;X/Y — Ligue, équipe de six;Solo;;Brutalibré;;64;;Échauffement;Flying Press;Direct Toxik;Plaie-Croix;Danse-Lames;https://www.pokepedia.fr/Dianth%C3%A9a
Dianthéa;Maîtres et figures de la Ligue;X/Y — Ligue, équipe de six;Solo;;Dragmara;;65;;Peau Gelée;Fatal-Foudre;Blizzard;Mur Lumière;Protection;https://www.pokepedia.fr/Dianth%C3%A9a
Dianthéa;Maîtres et figures de la Ligue;X/Y — Ligue, équipe de six;Solo;;Rexillius;;65;;Prognathe;Fracass'Tête;Dracogriffe;Séisme;Mâchouille;https://www.pokepedia.fr/Dianth%C3%A9a
Dianthéa;Maîtres et figures de la Ligue;X/Y — Ligue, équipe de six;Solo;;Muplodocus;;66;;Herbivore;Déflagration;Dracochoc;Ocroupi;Exploforce;https://www.pokepedia.fr/Dianth%C3%A9a
Dianthéa;Maîtres et figures de la Ligue;X/Y — Ligue, équipe de six;Solo;;Banshitrouye;Normale;65;;Ramassage;Halloween;Hantise;Ombre Portée;Canon Graine;https://www.pokepedia.fr/Dianth%C3%A9a
Dianthéa;Maîtres et figures de la Ligue;X/Y — Ligue, équipe de six;Solo;;Gardevoir;Méga;68;Gardevoirite;Peau Féérique;Pouvoir Lunaire;Ball'Ombre;Psyko;Tonnerre;https://www.pokepedia.fr/Dianth%C3%A9a
Dianthéa;Maîtres et figures de la Ligue;X/Y — Château de Combat, Faire-part Noir, équipe de quatre;Solo;;Brutalibré;;80;;Échauffement;Pied Voltige;Piqué;Chute Libre;Danse-Lames;https://www.pokepedia.fr/Dianth%C3%A9a
Dianthéa;Maîtres et figures de la Ligue;X/Y — Château de Combat, Faire-part Noir, équipe de quatre;Solo;;Muplodocus;;80;;Herbivore;Dracochoc;Hydroqueue;Mégafouet;Colère;https://www.pokepedia.fr/Dianth%C3%A9a
Dianthéa;Maîtres et figures de la Ligue;X/Y — Château de Combat, Faire-part Noir, équipe de quatre;Solo;;Banshitrouye;Normale;80;;Ramassage;Explosion;Hantise;Canon Graine;Ball'Ombre;https://www.pokepedia.fr/Dianth%C3%A9a
Dianthéa;Maîtres et figures de la Ligue;X/Y — Château de Combat, Faire-part Noir, équipe de quatre;Solo;;Gardevoir;Méga;80;Gardevoirite;Peau Féérique;Dévorêve;Force Ajoutée;Séduction;Hypnose;https://www.pokepedia.fr/Dianth%C3%A9a
Tarak;Maîtres et figures de la Ligue;Épée/Bouclier — Match Ultime, variante Pyrobut;Solo;Ouistempo;Exagide;Parade;62;;Déclic Tactique;Bouclier Royal;Ball'Ombre;Lame Sainte;Luminocanon;https://www.pokepedia.fr/Tarak
Tarak;Maîtres et figures de la Ligue;Épée/Bouclier — Match Ultime, variante Pyrobut;Solo;Ouistempo;Lanssorien;;62;;Corps Sain;Ball'Ombre;Lance-Flammes;Tonnerre;Dracosouffle;https://www.pokepedia.fr/Tarak
Tarak;Maîtres et figures de la Ligue;Épée/Bouclier — Match Ultime, variante Pyrobut;Solo;Ouistempo;Tranchodon;;63;;Brise Moule;Direct Toxik;Queue de Fer;Colère;Séisme;https://www.pokepedia.fr/Tarak
Tarak;Maîtres et figures de la Ligue;Épée/Bouclier — Match Ultime, variante Pyrobut;Solo;Ouistempo;Crapustule;;64;;;Toxik;Vampipoing;Aqua-Brèche;Séisme;https://www.pokepedia.fr/Tarak
Tarak;Maîtres et figures de la Ligue;Épée/Bouclier — Match Ultime, variante Pyrobut;Solo;Ouistempo;Pyrobut;;64;;Brasier;Ballon Brûlant;Ruse;Acrobatie;Vive-Attaque;https://www.pokepedia.fr/Tarak
Tarak;Maîtres et figures de la Ligue;Épée/Bouclier — Match Ultime, variante Pyrobut;Solo;Ouistempo;Dracaufeu;Gigamax;65;;Brasier;Déflagration;Lame d'Air;Lance-Soleil;Pouvoir Antique;https://www.pokepedia.fr/Tarak
Tarak;Maîtres et figures de la Ligue;Épée/Bouclier — Match Ultime, variante Lézargus;Solo;Flambino;Exagide;Parade;62;;Déclic Tactique;Bouclier Royal;Ball'Ombre;Lame Sainte;Luminocanon;https://www.pokepedia.fr/Tarak
Tarak;Maîtres et figures de la Ligue;Épée/Bouclier — Match Ultime, variante Lézargus;Solo;Flambino;Lanssorien;;62;;Corps Sain;Ball'Ombre;Lance-Flammes;Tonnerre;Dracosouffle;https://www.pokepedia.fr/Tarak
Tarak;Maîtres et figures de la Ligue;Épée/Bouclier — Match Ultime, variante Lézargus;Solo;Flambino;Tranchodon;;63;;Brise Moule;Direct Toxik;Queue de Fer;Colère;Séisme;https://www.pokepedia.fr/Tarak
Tarak;Maîtres et figures de la Ligue;Épée/Bouclier — Match Ultime, variante Lézargus;Solo;Flambino;M. Glaquette;;64;;;Danse-Folle;Psyko;Lyophilisation;Tonnerre;https://www.pokepedia.fr/Tarak
Tarak;Maîtres et figures de la Ligue;Épée/Bouclier — Match Ultime, variante Lézargus;Solo;Flambino;Lézargus;;64;;;Tir de Précision;Vibrobscur;Tir de Boue;Larme à l'Œil;https://www.pokepedia.fr/Tarak
Tarak;Maîtres et figures de la Ligue;Épée/Bouclier — Match Ultime, variante Lézargus;Solo;Flambino;Dracaufeu;Gigamax;65;;Brasier;Déflagration;Lame d'Air;Lance-Soleil;Pouvoir Antique;https://www.pokepedia.fr/Tarak
Tarak;Maîtres et figures de la Ligue;Épée/Bouclier — Match Ultime, variante Gorythmic;Solo;Larméléon;Exagide;Parade;62;;Déclic Tactique;Bouclier Royal;Ball'Ombre;Lame Sainte;Luminocanon;https://www.pokepedia.fr/Tarak
Tarak;Maîtres et figures de la Ligue;Épée/Bouclier — Match Ultime, variante Gorythmic;Solo;Larméléon;Lanssorien;;62;;Corps Sain;Ball'Ombre;Lance-Flammes;Tonnerre;Dracosouffle;https://www.pokepedia.fr/Tarak
Tarak;Maîtres et figures de la Ligue;Épée/Bouclier — Match Ultime, variante Gorythmic;Solo;Larméléon;Tranchodon;;63;;Brise Moule;Direct Toxik;Queue de Fer;Colère;Séisme;https://www.pokepedia.fr/Tarak
Tarak;Maîtres et figures de la Ligue;Épée/Bouclier — Match Ultime, variante Gorythmic;Solo;Larméléon;Rhinastoc;;64;;;Séisme;Lame de Roc;Mégacorne;Tacle Feu;https://www.pokepedia.fr/Tarak
Tarak;Maîtres et figures de la Ligue;Épée/Bouclier — Match Ultime, variante Gorythmic;Solo;Larméléon;Gorythmic;;64;;;Tambour Battant;Sabotage;Cavalerie Lourde;Effort;https://www.pokepedia.fr/Tarak
Tarak;Maîtres et figures de la Ligue;Épée/Bouclier — Match Ultime, variante Gorythmic;Solo;Larméléon;Dracaufeu;Gigamax;65;;Brasier;Déflagration;Lame d'Air;Lance-Soleil;Pouvoir Antique;https://www.pokepedia.fr/Tarak
Tarak;Maîtres et figures de la Ligue;Épée/Bouclier — Stade de Winscor, variante Pyrobut;Solo;Ouistempo;Exagide;Parade;70;;Déclic Tactique;Bouclier Royal;Ball'Ombre;Lame Sainte;Métalaser;https://www.pokepedia.fr/Tarak
Tarak;Maîtres et figures de la Ligue;Épée/Bouclier — Stade de Winscor, variante Pyrobut;Solo;Ouistempo;Lanssorien;;68;;;Ball'Ombre;Lance-Flammes;Tonnerre;Draco Météore;https://www.pokepedia.fr/Tarak
Tarak;Maîtres et figures de la Ligue;Épée/Bouclier — Stade de Winscor, variante Pyrobut;Solo;Ouistempo;Crapustule;;69;;;Toxik;Vampipoing;Aqua-Brèche;Séisme;https://www.pokepedia.fr/Tarak
Tarak;Maîtres et figures de la Ligue;Épée/Bouclier — Stade de Winscor, variante Pyrobut;Solo;Ouistempo;Pyrobut;;70;;;Ballon Brûlant;Ruse;Acrobatie;Vive-Attaque;https://www.pokepedia.fr/Tarak
Tarak;Maîtres et figures de la Ligue;Épée/Bouclier — Stade de Winscor, variante Pyrobut;Solo;Ouistempo;Dracaufeu;Gigamax;70;;;Déflagration;Lame d'Air;Lance-Soleil;Pouvoir Antique;https://www.pokepedia.fr/Tarak
Tarak;Maîtres et figures de la Ligue;Épée/Bouclier — Stade de Winscor, variante Lézargus;Solo;Flambino;Exagide;Parade;70;;Déclic Tactique;Bouclier Royal;Ball'Ombre;Lame Sainte;Métalaser;https://www.pokepedia.fr/Tarak
Tarak;Maîtres et figures de la Ligue;Épée/Bouclier — Stade de Winscor, variante Lézargus;Solo;Flambino;Lanssorien;;68;;;Ball'Ombre;Lance-Flammes;Tonnerre;Draco Météore;https://www.pokepedia.fr/Tarak
Tarak;Maîtres et figures de la Ligue;Épée/Bouclier — Stade de Winscor, variante Lézargus;Solo;Flambino;M. Glaquette;;69;;;Danse-Folle;Psyko;Lyophilisation;Tonnerre;https://www.pokepedia.fr/Tarak
Tarak;Maîtres et figures de la Ligue;Épée/Bouclier — Stade de Winscor, variante Lézargus;Solo;Flambino;Lézargus;;70;;;Tir de Précision;Vibrobscur;Tir de Boue;Larme à l'Œil;https://www.pokepedia.fr/Tarak
Tarak;Maîtres et figures de la Ligue;Épée/Bouclier — Stade de Winscor, variante Lézargus;Solo;Flambino;Dracaufeu;Gigamax;70;;;Déflagration;Lame d'Air;Lance-Soleil;Pouvoir Antique;https://www.pokepedia.fr/Tarak
Tarak;Maîtres et figures de la Ligue;Épée/Bouclier — Stade de Winscor, variante Gorythmic;Solo;Larméléon;Exagide;Parade;70;;Déclic Tactique;Bouclier Royal;Ball'Ombre;Lame Sainte;Métalaser;https://www.pokepedia.fr/Tarak
Tarak;Maîtres et figures de la Ligue;Épée/Bouclier — Stade de Winscor, variante Gorythmic;Solo;Larméléon;Lanssorien;;68;;;Ball'Ombre;Lance-Flammes;Tonnerre;Draco Météore;https://www.pokepedia.fr/Tarak
Tarak;Maîtres et figures de la Ligue;Épée/Bouclier — Stade de Winscor, variante Gorythmic;Solo;Larméléon;Rhinastoc;;69;;;Séisme;Lame de Roc;Mégacorne;Tacle Feu;https://www.pokepedia.fr/Tarak
Tarak;Maîtres et figures de la Ligue;Épée/Bouclier — Stade de Winscor, variante Gorythmic;Solo;Larméléon;Gorythmic;;70;;;Tambour Battant;Sabotage;Cavalerie Lourde;Effort;https://www.pokepedia.fr/Tarak
Tarak;Maîtres et figures de la Ligue;Épée/Bouclier — Stade de Winscor, variante Gorythmic;Solo;Larméléon;Dracaufeu;Gigamax;70;;;Déflagration;Lame d'Air;Lance-Soleil;Pouvoir Antique;https://www.pokepedia.fr/Tarak
Tarak;Maîtres et figures de la Ligue;Épée/Bouclier — Tournoi des Stars, équipe de trois;Duo;;Exagide;Parade;80;;Déclic Tactique;Bouclier Royal;Ball'Ombre;Lame Sainte;Métalaser;https://www.pokepedia.fr/Tarak
Tarak;Maîtres et figures de la Ligue;Épée/Bouclier — Tournoi des Stars, équipe de trois;Duo;;Lanssorien;;78;;;Ball'Ombre;Lance-Flammes;Tonnerre;Draco Météore;https://www.pokepedia.fr/Tarak
Tarak;Maîtres et figures de la Ligue;Épée/Bouclier — Tournoi des Stars, équipe de trois;Duo;;Dracaufeu;Gigamax;80;;;Déflagration;Lame d'Air;Lance-Soleil;Pouvoir Antique;https://www.pokepedia.fr/Tarak
Professeur Euphorbe;Maîtres et figures de la Ligue;Soleil/Lune — défense du titre, Félinferno;Solo;Brindibou;Lougaroc;Diurne;65;;Regard Vif;Piège de Roc;Lame de Roc;Vif Roc;Mâchouille;https://www.pokepedia.fr/Professeur_Euphorbe
Professeur Euphorbe;Maîtres et figures de la Ligue;Soleil/Lune — défense du titre, Félinferno;Solo;Brindibou;Ronflex;;65;;Isograisse;Plaquage;Cavalerie Lourde;Mâchouille;Tacle Lourd;https://www.pokepedia.fr/Professeur_Euphorbe
Professeur Euphorbe;Maîtres et figures de la Ligue;Soleil/Lune — défense du titre, Félinferno;Solo;Brindibou;Magnézone;;65;;Fermeté;Cage-Éclair;Tonnerre;Voile Miroir;Luminocanon;https://www.pokepedia.fr/Professeur_Euphorbe
Professeur Euphorbe;Maîtres et figures de la Ligue;Soleil/Lune — défense du titre, Félinferno;Solo;Brindibou;Félinferno;;65;Pyrozélite;Brasier;Dark Lariat;Boutefeu;Colère;Coup-Croix;https://www.pokepedia.fr/Professeur_Euphorbe
Professeur Euphorbe;Maîtres et figures de la Ligue;Soleil/Lune — défense du titre, Félinferno;Solo;Brindibou;Feunard d'Alola;Alola;65;;Rideau Neige;Rune Protect;Blizzard;Éclat Magique;Éclats Glace;https://www.pokepedia.fr/Professeur_Euphorbe
Professeur Euphorbe;Maîtres et figures de la Ligue;Soleil/Lune — défense du titre, Félinferno;Solo;Brindibou;Gueriaigle;;65;;Regard Vif;Cyclone;Rapace;Vent Arrière;Éclate Griffe;https://www.pokepedia.fr/Professeur_Euphorbe
Professeur Euphorbe;Maîtres et figures de la Ligue;Soleil/Lune — défense du titre, Oratoria;Solo;Flamiaou;Lougaroc;Diurne;65;;Regard Vif;Piège de Roc;Lame de Roc;Vif Roc;Mâchouille;https://www.pokepedia.fr/Professeur_Euphorbe
Professeur Euphorbe;Maîtres et figures de la Ligue;Soleil/Lune — défense du titre, Oratoria;Solo;Flamiaou;Ronflex;;65;;Isograisse;Plaquage;Cavalerie Lourde;Mâchouille;Tacle Lourd;https://www.pokepedia.fr/Professeur_Euphorbe
Professeur Euphorbe;Maîtres et figures de la Ligue;Soleil/Lune — défense du titre, Oratoria;Solo;Flamiaou;Magnézone;;65;;Fermeté;Cage-Éclair;Tonnerre;Voile Miroir;Luminocanon;https://www.pokepedia.fr/Professeur_Euphorbe
Professeur Euphorbe;Maîtres et figures de la Ligue;Soleil/Lune — défense du titre, Oratoria;Solo;Flamiaou;Oratoria;;65;Aquazélite;Torrent;Aria de l'Écume;Pouvoir Lunaire;Aqua-Jet;Mégaphone;https://www.pokepedia.fr/Professeur_Euphorbe
Professeur Euphorbe;Maîtres et figures de la Ligue;Soleil/Lune — défense du titre, Oratoria;Solo;Flamiaou;Feunard d'Alola;Alola;65;;Rideau Neige;Rune Protect;Blizzard;Éclat Magique;Éclats Glace;https://www.pokepedia.fr/Professeur_Euphorbe
Professeur Euphorbe;Maîtres et figures de la Ligue;Soleil/Lune — défense du titre, Oratoria;Solo;Flamiaou;Gueriaigle;;65;;Regard Vif;Cyclone;Rapace;Vent Arrière;Éclate Griffe;https://www.pokepedia.fr/Professeur_Euphorbe
Professeur Euphorbe;Maîtres et figures de la Ligue;Soleil/Lune — défense du titre, Archéduc;Solo;Otaquin;Lougaroc;Diurne;65;;Regard Vif;Piège de Roc;Lame de Roc;Vif Roc;Mâchouille;https://www.pokepedia.fr/Professeur_Euphorbe
Professeur Euphorbe;Maîtres et figures de la Ligue;Soleil/Lune — défense du titre, Archéduc;Solo;Otaquin;Ronflex;;65;;Isograisse;Plaquage;Cavalerie Lourde;Mâchouille;Tacle Lourd;https://www.pokepedia.fr/Professeur_Euphorbe
Professeur Euphorbe;Maîtres et figures de la Ligue;Soleil/Lune — défense du titre, Archéduc;Solo;Otaquin;Magnézone;;65;;Fermeté;Cage-Éclair;Tonnerre;Voile Miroir;Luminocanon;https://www.pokepedia.fr/Professeur_Euphorbe
Professeur Euphorbe;Maîtres et figures de la Ligue;Soleil/Lune — défense du titre, Archéduc;Solo;Otaquin;Archéduc;;65;Florazélite;Engrais;Tisse Ombre;Rapace;Lame-Feuille;Coup Bas;https://www.pokepedia.fr/Professeur_Euphorbe
Professeur Euphorbe;Maîtres et figures de la Ligue;Soleil/Lune — défense du titre, Archéduc;Solo;Otaquin;Feunard d'Alola;Alola;65;;Rideau Neige;Rune Protect;Blizzard;Éclat Magique;Éclats Glace;https://www.pokepedia.fr/Professeur_Euphorbe
Professeur Euphorbe;Maîtres et figures de la Ligue;Soleil/Lune — défense du titre, Archéduc;Solo;Otaquin;Gueriaigle;;65;;Regard Vif;Cyclone;Rapace;Vent Arrière;Éclate Griffe;https://www.pokepedia.fr/Professeur_Euphorbe
Professeur Euphorbe;Maîtres et figures de la Ligue;Ultra-Soleil/Ultra-Lune — défense du titre, Félinferno;Solo;Brindibou;Lougaroc;Diurne;69;;Regard Vif;Piège de Roc;Lame de Roc;Vif Roc;Mâchouille;https://www.pokepedia.fr/Professeur_Euphorbe
Professeur Euphorbe;Maîtres et figures de la Ligue;Ultra-Soleil/Ultra-Lune — défense du titre, Félinferno;Solo;Brindibou;Ronflex;;68;;Isograisse;Plaquage;Cavalerie Lourde;Mâchouille;Tacle Lourd;https://www.pokepedia.fr/Professeur_Euphorbe
Professeur Euphorbe;Maîtres et figures de la Ligue;Ultra-Soleil/Ultra-Lune — défense du titre, Félinferno;Solo;Brindibou;Magnézone;;68;;Fermeté;Cage-Éclair;Tonnerre;Voile Miroir;Luminocanon;https://www.pokepedia.fr/Professeur_Euphorbe
Professeur Euphorbe;Maîtres et figures de la Ligue;Ultra-Soleil/Ultra-Lune — défense du titre, Félinferno;Solo;Brindibou;Félinferno;;68;Pyrozélite;Brasier;Dark Lariat;Boutefeu;Colère;Coup-Croix;https://www.pokepedia.fr/Professeur_Euphorbe
Professeur Euphorbe;Maîtres et figures de la Ligue;Ultra-Soleil/Ultra-Lune — défense du titre, Félinferno;Solo;Brindibou;Feunard d'Alola;Alola;68;;Rideau Neige;Rune Protect;Blizzard;Éclat Magique;Éclats Glace;https://www.pokepedia.fr/Professeur_Euphorbe
Professeur Euphorbe;Maîtres et figures de la Ligue;Ultra-Soleil/Ultra-Lune — défense du titre, Félinferno;Solo;Brindibou;Gueriaigle;;68;;Regard Vif;Cyclone;Rapace;Vent Arrière;Éclate Griffe;https://www.pokepedia.fr/Professeur_Euphorbe
Professeur Euphorbe;Maîtres et figures de la Ligue;Ultra-Soleil/Ultra-Lune — défense du titre, Oratoria;Solo;Flamiaou;Lougaroc;Diurne;69;;Regard Vif;Piège de Roc;Lame de Roc;Vif Roc;Mâchouille;https://www.pokepedia.fr/Professeur_Euphorbe
Professeur Euphorbe;Maîtres et figures de la Ligue;Ultra-Soleil/Ultra-Lune — défense du titre, Oratoria;Solo;Flamiaou;Ronflex;;68;;Isograisse;Plaquage;Cavalerie Lourde;Mâchouille;Tacle Lourd;https://www.pokepedia.fr/Professeur_Euphorbe
Professeur Euphorbe;Maîtres et figures de la Ligue;Ultra-Soleil/Ultra-Lune — défense du titre, Oratoria;Solo;Flamiaou;Magnézone;;68;;Fermeté;Cage-Éclair;Tonnerre;Voile Miroir;Luminocanon;https://www.pokepedia.fr/Professeur_Euphorbe
Professeur Euphorbe;Maîtres et figures de la Ligue;Ultra-Soleil/Ultra-Lune — défense du titre, Oratoria;Solo;Flamiaou;Oratoria;;68;Aquazélite;Torrent;Aria de l'Écume;Pouvoir Lunaire;Aqua-Jet;Mégaphone;https://www.pokepedia.fr/Professeur_Euphorbe
Professeur Euphorbe;Maîtres et figures de la Ligue;Ultra-Soleil/Ultra-Lune — défense du titre, Oratoria;Solo;Flamiaou;Feunard d'Alola;Alola;68;;Rideau Neige;Rune Protect;Blizzard;Éclat Magique;Éclats Glace;https://www.pokepedia.fr/Professeur_Euphorbe
Professeur Euphorbe;Maîtres et figures de la Ligue;Ultra-Soleil/Ultra-Lune — défense du titre, Oratoria;Solo;Flamiaou;Gueriaigle;;68;;Regard Vif;Cyclone;Rapace;Vent Arrière;Éclate Griffe;https://www.pokepedia.fr/Professeur_Euphorbe
Professeur Euphorbe;Maîtres et figures de la Ligue;Ultra-Soleil/Ultra-Lune — défense du titre, Archéduc;Solo;Otaquin;Lougaroc;Diurne;69;;Regard Vif;Piège de Roc;Lame de Roc;Vif Roc;Mâchouille;https://www.pokepedia.fr/Professeur_Euphorbe
Professeur Euphorbe;Maîtres et figures de la Ligue;Ultra-Soleil/Ultra-Lune — défense du titre, Archéduc;Solo;Otaquin;Ronflex;;68;;Isograisse;Plaquage;Cavalerie Lourde;Mâchouille;Tacle Lourd;https://www.pokepedia.fr/Professeur_Euphorbe
Professeur Euphorbe;Maîtres et figures de la Ligue;Ultra-Soleil/Ultra-Lune — défense du titre, Archéduc;Solo;Otaquin;Magnézone;;68;;Fermeté;Cage-Éclair;Tonnerre;Voile Miroir;Luminocanon;https://www.pokepedia.fr/Professeur_Euphorbe
Professeur Euphorbe;Maîtres et figures de la Ligue;Ultra-Soleil/Ultra-Lune — défense du titre, Archéduc;Solo;Otaquin;Archéduc;;68;Florazélite;Engrais;Tisse Ombre;Rapace;Lame-Feuille;Coup Bas;https://www.pokepedia.fr/Professeur_Euphorbe
Professeur Euphorbe;Maîtres et figures de la Ligue;Ultra-Soleil/Ultra-Lune — défense du titre, Archéduc;Solo;Otaquin;Feunard d'Alola;Alola;68;;Rideau Neige;Rune Protect;Blizzard;Éclat Magique;Éclats Glace;https://www.pokepedia.fr/Professeur_Euphorbe
Professeur Euphorbe;Maîtres et figures de la Ligue;Ultra-Soleil/Ultra-Lune — défense du titre, Archéduc;Solo;Otaquin;Gueriaigle;;68;;Regard Vif;Cyclone;Rapace;Vent Arrière;Éclate Griffe;https://www.pokepedia.fr/Professeur_Euphorbe
Tili;Rivaux;Ultra-Soleil/Ultra-Lune — défense du titre, Oratoria;Solo;Brindibou;Raichu d'Alola;Alola;69;;Surf Caudal;Tonnerre;Vive-Attaque;Psyko;Exploforce;https://www.pokepedia.fr/Tili
Tili;Rivaux;Ultra-Soleil/Ultra-Lune — défense du titre, Oratoria;Solo;Brindibou;Pyroli;;68;;Torche;Boutefeu;Vive-Attaque;Charme;Regard Touchant;https://www.pokepedia.fr/Tili
Tili;Rivaux;Ultra-Soleil/Ultra-Lune — défense du titre, Oratoria;Solo;Brindibou;Tauros;;68;;Intimidation;Psykoud'Boul;Tête de Fer;Séisme;Damoclès;https://www.pokepedia.fr/Tili
Tili;Rivaux;Ultra-Soleil/Ultra-Lune — défense du titre, Oratoria;Solo;Brindibou;Bruyverne;;68;;Fouille;Dracochoc;Lame d'Air;Vibrobscur;Croc Fatal;https://www.pokepedia.fr/Tili
Tili;Rivaux;Ultra-Soleil/Ultra-Lune — défense du titre, Oratoria;Solo;Brindibou;Crabominable;;69;;Hyper Cutter;Poing Boost;Marteau de Glace;Lame de Roc;Uppercut;https://www.pokepedia.fr/Tili
Tili;Rivaux;Ultra-Soleil/Ultra-Lune — défense du titre, Oratoria;Solo;Brindibou;Oratoria;;70;Aquazélite;Torrent;Aria de l'Écume;Pouvoir Lunaire;Mégaphone;;https://www.pokepedia.fr/Tili
Tili;Rivaux;Ultra-Soleil/Ultra-Lune — défense du titre, Archéduc;Solo;Flamiaou;Raichu d'Alola;Alola;69;;Surf Caudal;Tonnerre;Vive-Attaque;Psyko;Exploforce;https://www.pokepedia.fr/Tili
Tili;Rivaux;Ultra-Soleil/Ultra-Lune — défense du titre, Archéduc;Solo;Flamiaou;Aquali;;68;;Absorb Eau;Hydrocanon;Vive-Attaque;Charme;Regard Touchant;https://www.pokepedia.fr/Tili
Tili;Rivaux;Ultra-Soleil/Ultra-Lune — défense du titre, Archéduc;Solo;Flamiaou;Tauros;;68;;Intimidation;Psykoud'Boul;Tête de Fer;Séisme;Damoclès;https://www.pokepedia.fr/Tili
Tili;Rivaux;Ultra-Soleil/Ultra-Lune — défense du titre, Archéduc;Solo;Flamiaou;Bruyverne;;68;;Fouille;Dracochoc;Lame d'Air;Vibrobscur;Croc Fatal;https://www.pokepedia.fr/Tili
Tili;Rivaux;Ultra-Soleil/Ultra-Lune — défense du titre, Archéduc;Solo;Flamiaou;Crabominable;;69;;Hyper Cutter;Poing Boost;Marteau de Glace;Lame de Roc;Uppercut;https://www.pokepedia.fr/Tili
Tili;Rivaux;Ultra-Soleil/Ultra-Lune — défense du titre, Archéduc;Solo;Flamiaou;Archéduc;;70;Florazélite;Engrais;Tisse Ombre;Lame-Feuille;Anti-Air;;https://www.pokepedia.fr/Tili
Tili;Rivaux;Ultra-Soleil/Ultra-Lune — défense du titre, Félinferno;Solo;Otaquin;Raichu d'Alola;Alola;69;;Surf Caudal;Tonnerre;Vive-Attaque;Psyko;Exploforce;https://www.pokepedia.fr/Tili
Tili;Rivaux;Ultra-Soleil/Ultra-Lune — défense du titre, Félinferno;Solo;Otaquin;Phyllali;;68;;Feuille Garde;Lame-Feuille;Vive-Attaque;Charme;Regard Touchant;https://www.pokepedia.fr/Tili
Tili;Rivaux;Ultra-Soleil/Ultra-Lune — défense du titre, Félinferno;Solo;Otaquin;Tauros;;68;;Intimidation;Psykoud'Boul;Tête de Fer;Séisme;Damoclès;https://www.pokepedia.fr/Tili
Tili;Rivaux;Ultra-Soleil/Ultra-Lune — défense du titre, Félinferno;Solo;Otaquin;Bruyverne;;68;;Fouille;Dracochoc;Lame d'Air;Vibrobscur;Croc Fatal;https://www.pokepedia.fr/Tili
Tili;Rivaux;Ultra-Soleil/Ultra-Lune — défense du titre, Félinferno;Solo;Otaquin;Crabominable;;69;;Hyper Cutter;Poing Boost;Marteau de Glace;Lame de Roc;Uppercut;https://www.pokepedia.fr/Tili
Tili;Rivaux;Ultra-Soleil/Ultra-Lune — défense du titre, Félinferno;Solo;Otaquin;Félinferno;;70;Pyrozélite;Brasier;Dark Lariat;Boutefeu;Séisme;;https://www.pokepedia.fr/Tili
Alisma;Maîtres et figures de la Ligue;Écarlate/Violet — Le Disque Indigo, Club de la Ligue;Solo;;Floréclat;;84;;Dépôt Toxique;Rayon Gemme;Cradovague;Telluriforce;Mur Lumière;https://www.pokepedia.fr/Alisma
Alisma;Maîtres et figures de la Ligue;Écarlate/Violet — Le Disque Indigo, Club de la Ligue;Solo;;Cléopsytra;;84;;Opportuniste;Lumino-Impact;Éclat Magique;Ball'Ombre;Abri;https://www.pokepedia.fr/Alisma
Alisma;Maîtres et figures de la Ligue;Écarlate/Violet — Le Disque Indigo, Club de la Ligue;Solo;;Blindépique;;84;;Pare-Balles;Pico-Défense;Vampigraine;Gonflette;Vampi-Poing;https://www.pokepedia.fr/Alisma
Alisma;Maîtres et figures de la Ligue;Écarlate/Violet — Le Disque Indigo, Club de la Ligue;Solo;;Lanssorien;;84;;Corps Sain;Draco-Flèches;Coup Bas;Tonnerre;Ball'Ombre;https://www.pokepedia.fr/Alisma
Alisma;Maîtres et figures de la Ligue;Écarlate/Violet — Le Disque Indigo, Club de la Ligue;Solo;;Séracrawl;;84;;Tempo Perso;Avalanche;Tacle Lourd;Séisme;Big Splash;https://www.pokepedia.fr/Alisma
Alisma;Maîtres et figures de la Ligue;Écarlate/Violet — Le Disque Indigo, Club de la Ligue;Solo;;Scalpereur;;85;;Général Suprême;Tête de Fer;Génusection;Téra Explosion;Lame de Roc;https://www.pokepedia.fr/Alisma
Mustar;Maîtres et figures de la Ligue;Épée/Bouclier — Isolarmure, revanche, Shifours Mille Poings;Solo;;Shaofouine;;73;;Attention;Bluff;Close Combat;Pied Brûleur;Demi-Tour;https://www.pokepedia.fr/Mustar
Mustar;Maîtres et figures de la Ligue;Épée/Bouclier — Isolarmure, revanche, Shifours Mille Poings;Solo;;Luxray;;73;;Intimidation;Éclair Fou;Mâchouille;Psycho-Croc;Câlinerie;https://www.pokepedia.fr/Mustar
Mustar;Maîtres et figures de la Ligue;Épée/Bouclier — Isolarmure, revanche, Shifours Mille Poings;Solo;;Corvaillus;;74;;Tension;Tête de Fer;Rapace;Mur Lumière;Big Splash;https://www.pokepedia.fr/Mustar
Mustar;Maîtres et figures de la Ligue;Épée/Bouclier — Isolarmure, revanche, Shifours Mille Poings;Solo;;Lougaroc;Diurne;75;;Regard Vif;Lame de Roc;Vif Roc;Câlinerie;Piège de Roc;https://www.pokepedia.fr/Mustar
Mustar;Maîtres et figures de la Ligue;Épée/Bouclier — Isolarmure, revanche, Shifours Mille Poings;Solo;;Ékaïser;;75;;Anti-Bruit;Vibrécaille;Luminocanon;Aurasphère;Dracacophonie;https://www.pokepedia.fr/Mustar
Mustar;Maîtres et figures de la Ligue;Épée/Bouclier — Isolarmure, revanche, Shifours Mille Poings;Solo;;Shifours;Gigamax Mille Poings;75;;Poing Invisible;Torrent de Coups;Close Combat;Tête de Fer;Direct Toxik;https://www.pokepedia.fr/Mustar
Mustar;Maîtres et figures de la Ligue;Épée/Bouclier — Isolarmure, revanche, Shifours Poing Final;Solo;;Shaofouine;;73;;Attention;Bluff;Close Combat;Pied Brûleur;Demi-Tour;https://www.pokepedia.fr/Mustar
Mustar;Maîtres et figures de la Ligue;Épée/Bouclier — Isolarmure, revanche, Shifours Poing Final;Solo;;Luxray;;73;;Intimidation;Éclair Fou;Mâchouille;Psycho-Croc;Câlinerie;https://www.pokepedia.fr/Mustar
Mustar;Maîtres et figures de la Ligue;Épée/Bouclier — Isolarmure, revanche, Shifours Poing Final;Solo;;Corvaillus;;74;;Tension;Tête de Fer;Rapace;Mur Lumière;Big Splash;https://www.pokepedia.fr/Mustar
Mustar;Maîtres et figures de la Ligue;Épée/Bouclier — Isolarmure, revanche, Shifours Poing Final;Solo;;Lougaroc;Diurne;75;;Regard Vif;Lame de Roc;Vif Roc;Câlinerie;Piège de Roc;https://www.pokepedia.fr/Mustar
Mustar;Maîtres et figures de la Ligue;Épée/Bouclier — Isolarmure, revanche, Shifours Poing Final;Solo;;Ékaïser;;75;;Anti-Bruit;Vibrécaille;Luminocanon;Aurasphère;Dracacophonie;https://www.pokepedia.fr/Mustar
Mustar;Maîtres et figures de la Ligue;Épée/Bouclier — Isolarmure, revanche, Shifours Poing Final;Solo;;Shifours;Gigamax Poing Final;75;;Poing Invisible;Poing Obscur;Close Combat;Tête de Fer;Direct Toxik;https://www.pokepedia.fr/Mustar
Mustar;Maîtres et figures de la Ligue;Épée/Bouclier — Tournoi des Stars, Mille Poings;Duo;;Shaofouine;;80;;Attention;Bluff;Close Combat;Pied Brûleur;Demi-Tour;https://www.pokepedia.fr/Mustar
Mustar;Maîtres et figures de la Ligue;Épée/Bouclier — Tournoi des Stars, Mille Poings;Duo;;Ékaïser;;80;;Anti-Bruit;Vibrécaille;Luminocanon;Aurasphère;Dracacophonie;https://www.pokepedia.fr/Mustar
Mustar;Maîtres et figures de la Ligue;Épée/Bouclier — Tournoi des Stars, Mille Poings;Duo;;Shifours;Gigamax Mille Poings;80;;Poing Invisible;Torrent de Coups;Close Combat;Tête de Fer;Direct Toxik;https://www.pokepedia.fr/Mustar
Mustar;Maîtres et figures de la Ligue;Épée/Bouclier — Tournoi des Stars, Poing Final;Duo;;Shaofouine;;80;;Attention;Bluff;Close Combat;Pied Brûleur;Demi-Tour;https://www.pokepedia.fr/Mustar
Mustar;Maîtres et figures de la Ligue;Épée/Bouclier — Tournoi des Stars, Poing Final;Duo;;Ékaïser;;80;;Anti-Bruit;Vibrécaille;Luminocanon;Aurasphère;Dracacophonie;https://www.pokepedia.fr/Mustar
Mustar;Maîtres et figures de la Ligue;Épée/Bouclier — Tournoi des Stars, Poing Final;Duo;;Shifours;Gigamax Poing Final;80;;Poing Invisible;Poing Obscur;Close Combat;Tête de Fer;Direct Toxik;https://www.pokepedia.fr/Mustar
Apia;Boss et adversaires spéciaux;Épée/Bouclier — Isolarmure, revanche, Tortank;Solo;;Leuphorie;;75;;;Blizzard;Mur Lumière;Fatal-Foudre;Déflagration;https://www.pokepedia.fr/Apia
Apia;Boss et adversaires spéciaux;Épée/Bouclier — Isolarmure, revanche, Tortank;Solo;;Darumacho de Galar;Galar;73;;Entêtement;Chute Glace;Lame de Roc;Séisme;Psykoud'Boul;https://www.pokepedia.fr/Apia
Apia;Boss et adversaires spéciaux;Épée/Bouclier — Isolarmure, revanche, Tortank;Solo;;Gallame;;74;;Impassible;Danse Lames;Lame Feuille;Coupe Psycho;Exécu-Son;https://www.pokepedia.fr/Apia
Apia;Boss et adversaires spéciaux;Épée/Bouclier — Isolarmure, revanche, Tortank;Solo;;Malamandre;;73;;Corrosion;Toxik;Abri;Lance-Flammes;Draco-Choc;https://www.pokepedia.fr/Apia
Apia;Boss et adversaires spéciaux;Épée/Bouclier — Isolarmure, revanche, Tortank;Solo;;Togekiss;;75;;;Éclat Magique;Lame d'Air;Aurasphère;Canicule;https://www.pokepedia.fr/Apia
Apia;Boss et adversaires spéciaux;Épée/Bouclier — Isolarmure, revanche, Tortank;Solo;;Tortank;Gigamax;75;;Torrent;Luminocanon;Surf;Laser Glace;Mur de Fer;https://www.pokepedia.fr/Apia
Apia;Boss et adversaires spéciaux;Épée/Bouclier — Isolarmure, revanche, Florizarre;Solo;;Leuphorie;;75;;;Blizzard;Mur Lumière;Fatal-Foudre;Déflagration;https://www.pokepedia.fr/Apia
Apia;Boss et adversaires spéciaux;Épée/Bouclier — Isolarmure, revanche, Florizarre;Solo;;Darumacho de Galar;Galar;73;;Entêtement;Chute Glace;Lame de Roc;Séisme;Psykoud'Boul;https://www.pokepedia.fr/Apia
Apia;Boss et adversaires spéciaux;Épée/Bouclier — Isolarmure, revanche, Florizarre;Solo;;Gallame;;74;;Impassible;Danse Lames;Lame Feuille;Coupe Psycho;Exécu-Son;https://www.pokepedia.fr/Apia
Apia;Boss et adversaires spéciaux;Épée/Bouclier — Isolarmure, revanche, Florizarre;Solo;;Malamandre;;73;;Corrosion;Toxik;Abri;Lance-Flammes;Draco-Choc;https://www.pokepedia.fr/Apia
Apia;Boss et adversaires spéciaux;Épée/Bouclier — Isolarmure, revanche, Florizarre;Solo;;Togekiss;;75;;;Éclat Magique;Lame d'Air;Aurasphère;Canicule;https://www.pokepedia.fr/Apia
Apia;Boss et adversaires spéciaux;Épée/Bouclier — Isolarmure, revanche, Florizarre;Solo;;Florizarre;Gigamax;75;;Engrais;Éco-Sphère;Telluriforce;Bombe Beurk;Amnésie;https://www.pokepedia.fr/Apia
Timmy;Rivaux;Rubis Oméga/Saphir Alpha — ultime revanche, Maison de Combat;Solo;;Roserade;;79;Poudre Claire;Point Poison;Vampigraine;Direct Toxik;Tempête Florale;Ball'Ombre;https://www.pokepedia.fr/Timmy
Timmy;Rivaux;Rubis Oméga/Saphir Alpha — ultime revanche, Maison de Combat;Solo;;Azumarill;;79;Veste de Combat;Coloforce;Aqua-Jet;Câlinerie;Hydro-Queue;Queue de Fer;https://www.pokepedia.fr/Timmy
Timmy;Rivaux;Rubis Oméga/Saphir Alpha — ultime revanche, Maison de Combat;Solo;;Carchacrok;;79;Casque Brut;Peau Dure;Dracogriffe;Mâchouille;Séisme;Lame de Roc;https://www.pokepedia.fr/Timmy
Timmy;Rivaux;Rubis Oméga/Saphir Alpha — ultime revanche, Maison de Combat;Solo;;Flambusard;;79;Orbe Vie;Ailes Bourrasque;Rapace;Boutefeu;Ailes d'Acier;Vent Arrière;https://www.pokepedia.fr/Timmy
Timmy;Rivaux;Rubis Oméga/Saphir Alpha — ultime revanche, Maison de Combat;Solo;;Magnézone;;79;Ballon;Fermeté;Coup d'Jus;Cage-Éclair;Protection;Luminocanon;https://www.pokepedia.fr/Timmy
Timmy;Rivaux;Rubis Oméga/Saphir Alpha — ultime revanche, Maison de Combat;Solo;;Gallame;Méga;81;Gallamite;Impassible;Coupe Psycho;Close Combat;Lame-Feuille;Danse-Lames;https://www.pokepedia.fr/Timmy
René / Barry;Rivaux;Platine — après 20 victoires à la Ligue, Simiabraz;Solo;Tortipouss;Étouraptor;;81;;Intimidation;Close Combat;Rapace;Vive-Attaque;Demi-Tour;https://www.pokepedia.fr/Barry_(Sinnoh)/%C3%89quipes_dans_Pok%C3%A9mon_Platine
René / Barry;Rivaux;Platine — après 20 victoires à la Ligue, Simiabraz;Solo;Tortipouss;Mustéflott;;79;;Glissade;Crocs Givre;Mâchouille;Casse-Brique;Aqua-Jet;https://www.pokepedia.fr/Barry_(Sinnoh)/%C3%89quipes_dans_Pok%C3%A9mon_Platine
René / Barry;Rivaux;Platine — après 20 victoires à la Ligue, Simiabraz;Solo;Tortipouss;Roserade;;79;;Médic Nature;Siffl'Herbe;Giga-Sangsue;Bomb-Beurk;Ball'Ombre;https://www.pokepedia.fr/Barry_(Sinnoh)/%C3%89quipes_dans_Pok%C3%A9mon_Platine
René / Barry;Rivaux;Platine — après 20 victoires à la Ligue, Simiabraz;Solo;Tortipouss;Scarhino;;81;;Essaim;Mégacorne;Close Combat;Lame de Roc;Tranche-Nuit;https://www.pokepedia.fr/Barry_(Sinnoh)/%C3%89quipes_dans_Pok%C3%A9mon_Platine
René / Barry;Rivaux;Platine — après 20 victoires à la Ligue, Simiabraz;Solo;Tortipouss;Ronflex;;83;;Vaccin;Psykoud'Boul;Giga Impact;Mâchouille;Séisme;https://www.pokepedia.fr/Barry_(Sinnoh)/%C3%89quipes_dans_Pok%C3%A9mon_Platine
René / Barry;Rivaux;Platine — après 20 victoires à la Ligue, Simiabraz;Solo;Tortipouss;Simiabraz;;85;Baie Sitrus;Brasier;Exploforce;Boutefeu;Aéropique;Griffe Ombre;https://www.pokepedia.fr/Barry_(Sinnoh)/%C3%89quipes_dans_Pok%C3%A9mon_Platine
René / Barry;Rivaux;Platine — après 20 victoires à la Ligue, Pingoléon;Solo;Ouisticram;Étouraptor;;81;;Intimidation;Close Combat;Rapace;Vive-Attaque;Demi-Tour;https://www.pokepedia.fr/Barry_(Sinnoh)/%C3%89quipes_dans_Pok%C3%A9mon_Platine
René / Barry;Rivaux;Platine — après 20 victoires à la Ligue, Pingoléon;Solo;Ouisticram;Galopa;;79;;Fuite;Feu Follet;Zénith;Mégacorne;Déflagration;https://www.pokepedia.fr/Barry_(Sinnoh)/%C3%89quipes_dans_Pok%C3%A9mon_Platine
René / Barry;Rivaux;Platine — après 20 victoires à la Ligue, Pingoléon;Solo;Ouisticram;Roserade;;79;;Médic Nature;Siffl'Herbe;Giga-Sangsue;Bomb-Beurk;Ball'Ombre;https://www.pokepedia.fr/Barry_(Sinnoh)/%C3%89quipes_dans_Pok%C3%A9mon_Platine
René / Barry;Rivaux;Platine — après 20 victoires à la Ligue, Pingoléon;Solo;Ouisticram;Scarhino;;81;;Essaim;Mégacorne;Close Combat;Lame de Roc;Tranche-Nuit;https://www.pokepedia.fr/Barry_(Sinnoh)/%C3%89quipes_dans_Pok%C3%A9mon_Platine
René / Barry;Rivaux;Platine — après 20 victoires à la Ligue, Pingoléon;Solo;Ouisticram;Ronflex;;83;;Vaccin;Psykoud'Boul;Giga Impact;Mâchouille;Séisme;https://www.pokepedia.fr/Barry_(Sinnoh)/%C3%89quipes_dans_Pok%C3%A9mon_Platine
René / Barry;Rivaux;Platine — après 20 victoires à la Ligue, Pingoléon;Solo;Ouisticram;Pingoléon;;85;Baie Sitrus;Torrent;Griffe Ombre;Bec Vrille;Hydrocanon;Griffe Acier;https://www.pokepedia.fr/Barry_(Sinnoh)/%C3%89quipes_dans_Pok%C3%A9mon_Platine
René / Barry;Rivaux;Platine — après 20 victoires à la Ligue, Torterra;Solo;Tiplouf;Étouraptor;;81;;Intimidation;Close Combat;Rapace;Vive-Attaque;Demi-Tour;https://www.pokepedia.fr/Barry_(Sinnoh)/%C3%89quipes_dans_Pok%C3%A9mon_Platine
René / Barry;Rivaux;Platine — après 20 victoires à la Ligue, Torterra;Solo;Tiplouf;Mustéflott;;79;;Glissade;Crocs Givre;Mâchouille;Casse-Brique;Aqua-Jet;https://www.pokepedia.fr/Barry_(Sinnoh)/%C3%89quipes_dans_Pok%C3%A9mon_Platine
René / Barry;Rivaux;Platine — après 20 victoires à la Ligue, Torterra;Solo;Tiplouf;Galopa;;79;;Fuite;Feu Follet;Zénith;Mégacorne;Déflagration;https://www.pokepedia.fr/Barry_(Sinnoh)/%C3%89quipes_dans_Pok%C3%A9mon_Platine
René / Barry;Rivaux;Platine — après 20 victoires à la Ligue, Torterra;Solo;Tiplouf;Scarhino;;81;;Essaim;Mégacorne;Close Combat;Lame de Roc;Tranche-Nuit;https://www.pokepedia.fr/Barry_(Sinnoh)/%C3%89quipes_dans_Pok%C3%A9mon_Platine
René / Barry;Rivaux;Platine — après 20 victoires à la Ligue, Torterra;Solo;Tiplouf;Ronflex;;83;;Vaccin;Psykoud'Boul;Giga Impact;Mâchouille;Séisme;https://www.pokepedia.fr/Barry_(Sinnoh)/%C3%89quipes_dans_Pok%C3%A9mon_Platine
René / Barry;Rivaux;Platine — après 20 victoires à la Ligue, Torterra;Solo;Tiplouf;Torterra;;85;Baie Sitrus;Engrais;Séisme;Tempêteverte;Mâchouille;Lame de Roc;https://www.pokepedia.fr/Barry_(Sinnoh)/%C3%89quipes_dans_Pok%C3%A9mon_Platine
René / Barry — DEPS;Rivaux;DEPS — après 20 victoires à la Ligue, Simiabraz;Solo;Tortipouss;Étouraptor;;68;Ceinture Force;Intimidation;Close Combat;Picore;Ailes d'Acier;Demi-Tour;https://www.pokepedia.fr/Ren%C3%A9/%C3%89quipes_dans_Pok%C3%A9mon_Diamant_%C3%89tincelant_et_Perle_Scintillante
René / Barry — DEPS;Rivaux;DEPS — après 20 victoires à la Ligue, Simiabraz;Solo;Tortipouss;Mustéflott;;69;Vive Griffe;Glissade;Crocs Givre;Mâchouille;Météores;Cascade;https://www.pokepedia.fr/Ren%C3%A9/%C3%89quipes_dans_Pok%C3%A9mon_Diamant_%C3%89tincelant_et_Perle_Scintillante
René / Barry — DEPS;Rivaux;DEPS — après 20 victoires à la Ligue, Simiabraz;Solo;Tortipouss;Roserade;;69;Boue Noire;Médic Nature;Bombe Beurk;Giga-Sangsue;Para-Spore;Ball'Ombre;https://www.pokepedia.fr/Ren%C3%A9/%C3%89quipes_dans_Pok%C3%A9mon_Diamant_%C3%89tincelant_et_Perle_Scintillante
René / Barry — DEPS;Rivaux;DEPS — après 20 victoires à la Ligue, Simiabraz;Solo;Tortipouss;Scarhino;;70;;Essaim;Mégacorne;Danse Lames;Éboulement;Close Combat;https://www.pokepedia.fr/Ren%C3%A9/%C3%89quipes_dans_Pok%C3%A9mon_Diamant_%C3%89tincelant_et_Perle_Scintillante
René / Barry — DEPS;Rivaux;DEPS — après 20 victoires à la Ligue, Simiabraz;Solo;Tortipouss;Simiabraz;;74;Ceinture Pro;Brasier;Close Combat;Boutefeu;Demi-Tour;Griffe Ombre;https://www.pokepedia.fr/Ren%C3%A9/%C3%89quipes_dans_Pok%C3%A9mon_Diamant_%C3%89tincelant_et_Perle_Scintillante
René / Barry — DEPS;Rivaux;DEPS — après 20 victoires à la Ligue, Simiabraz;Solo;Tortipouss;Ronflex;;70;;Isograisse;Implore;Bâillement;Mâchouille;Marto-Poing;https://www.pokepedia.fr/Ren%C3%A9/%C3%89quipes_dans_Pok%C3%A9mon_Diamant_%C3%89tincelant_et_Perle_Scintillante
René / Barry — DEPS;Rivaux;DEPS — après 20 victoires à la Ligue, Pingoléon;Solo;Ouisticram;Étouraptor;;68;Ceinture Force;Intimidation;Close Combat;Picore;Danse Pluie;Demi-Tour;https://www.pokepedia.fr/Ren%C3%A9/%C3%89quipes_dans_Pok%C3%A9mon_Diamant_%C3%89tincelant_et_Perle_Scintillante
René / Barry — DEPS;Rivaux;DEPS — après 20 victoires à la Ligue, Pingoléon;Solo;Ouisticram;Galopa;;69;Ceinture Pro;Torche;Escarmouche;Mégacorne;Direct Toxik;Roue de Feu;https://www.pokepedia.fr/Ren%C3%A9/%C3%89quipes_dans_Pok%C3%A9mon_Diamant_%C3%89tincelant_et_Perle_Scintillante
René / Barry — DEPS;Rivaux;DEPS — après 20 victoires à la Ligue, Pingoléon;Solo;Ouisticram;Roserade;;69;Boue Noire;Médic Nature;Bombe Beurk;Giga-Sangsue;Para-Spore;Ball'Ombre;https://www.pokepedia.fr/Ren%C3%A9/%C3%89quipes_dans_Pok%C3%A9mon_Diamant_%C3%89tincelant_et_Perle_Scintillante
René / Barry — DEPS;Rivaux;DEPS — après 20 victoires à la Ligue, Pingoléon;Solo;Ouisticram;Scarhino;;70;;Essaim;Mégacorne;Danse Lames;Éboulement;Close Combat;https://www.pokepedia.fr/Ren%C3%A9/%C3%89quipes_dans_Pok%C3%A9mon_Diamant_%C3%89tincelant_et_Perle_Scintillante
René / Barry — DEPS;Rivaux;DEPS — après 20 victoires à la Ligue, Pingoléon;Solo;Ouisticram;Pingoléon;;74;Vive Griffe;Torrent;Charme;Nœud Herbe;Surf;Luminocanon;https://www.pokepedia.fr/Ren%C3%A9/%C3%89quipes_dans_Pok%C3%A9mon_Diamant_%C3%89tincelant_et_Perle_Scintillante
René / Barry — DEPS;Rivaux;DEPS — après 20 victoires à la Ligue, Pingoléon;Solo;Ouisticram;Ronflex;;70;;Isograisse;Implore;Bâillement;Mâchouille;Marto-Poing;https://www.pokepedia.fr/Ren%C3%A9/%C3%89quipes_dans_Pok%C3%A9mon_Diamant_%C3%89tincelant_et_Perle_Scintillante
René / Barry — DEPS;Rivaux;DEPS — après 20 victoires à la Ligue, Torterra;Solo;Tiplouf;Étouraptor;;68;Ceinture Force;Intimidation;Close Combat;Picore;Zénith;Demi-Tour;https://www.pokepedia.fr/Ren%C3%A9/%C3%89quipes_dans_Pok%C3%A9mon_Diamant_%C3%89tincelant_et_Perle_Scintillante
René / Barry — DEPS;Rivaux;DEPS — après 20 victoires à la Ligue, Torterra;Solo;Tiplouf;Mustéflott;;69;Vive Griffe;Glissade;Crocs Givre;Mâchouille;Météores;Cascade;https://www.pokepedia.fr/Ren%C3%A9/%C3%89quipes_dans_Pok%C3%A9mon_Diamant_%C3%89tincelant_et_Perle_Scintillante
René / Barry — DEPS;Rivaux;DEPS — après 20 victoires à la Ligue, Torterra;Solo;Tiplouf;Galopa;;69;Ceinture Pro;Torche;Escarmouche;Mégacorne;Direct Toxik;Roue de Feu;https://www.pokepedia.fr/Ren%C3%A9/%C3%89quipes_dans_Pok%C3%A9mon_Diamant_%C3%89tincelant_et_Perle_Scintillante
René / Barry — DEPS;Rivaux;DEPS — après 20 victoires à la Ligue, Torterra;Solo;Tiplouf;Scarhino;;70;;Essaim;Mégacorne;Danse Lames;Éboulement;Close Combat;https://www.pokepedia.fr/Ren%C3%A9/%C3%89quipes_dans_Pok%C3%A9mon_Diamant_%C3%89tincelant_et_Perle_Scintillante
René / Barry — DEPS;Rivaux;DEPS — après 20 victoires à la Ligue, Torterra;Solo;Tiplouf;Torterra;;74;Restes;Engrais;Séisme;Martobois;Hurlement;Piège de Roc;https://www.pokepedia.fr/Ren%C3%A9/%C3%89quipes_dans_Pok%C3%A9mon_Diamant_%C3%89tincelant_et_Perle_Scintillante
René / Barry — DEPS;Rivaux;DEPS — après 20 victoires à la Ligue, Torterra;Solo;Tiplouf;Ronflex;;70;;Isograisse;Implore;Bâillement;Mâchouille;Marto-Poing;https://www.pokepedia.fr/Ren%C3%A9/%C3%89quipes_dans_Pok%C3%A9mon_Diamant_%C3%89tincelant_et_Perle_Scintillante
Silver;Rivaux;HeartGold/SoulSilver — Plateau Indigo, Typhlosion;Solo;Germignon;Farfuret;;55;;Attention;Griffe Acier;Vent Glace;Feinte;Griffe Ombre;https://www.pokepedia.fr/Silver_(Johto)/%C3%89quipes_dans_Pok%C3%A9mon_Or_HeartGold_et_Argent_SoulSilver
Silver;Rivaux;HeartGold/SoulSilver — Plateau Indigo, Typhlosion;Solo;Germignon;Nostenfer;;58;;Attention;Tranch'Air;Onde Folie;Morsure;Toxik;https://www.pokepedia.fr/Silver_(Johto)/%C3%89quipes_dans_Pok%C3%A9mon_Or_HeartGold_et_Argent_SoulSilver
Silver;Rivaux;HeartGold/SoulSilver — Plateau Indigo, Typhlosion;Solo;Germignon;Magnéton;;55;;Magnépiège;Coup d'Jus;Cage-Éclair;Miroi-Tir;Bombaimant;https://www.pokepedia.fr/Silver_(Johto)/%C3%89quipes_dans_Pok%C3%A9mon_Or_HeartGold_et_Argent_SoulSilver
Silver;Rivaux;HeartGold/SoulSilver — Plateau Indigo, Typhlosion;Solo;Germignon;Ectoplasma;;56;;Lévitation;Ball'Ombre;Vibrobscur;Bomb-Beurk;Onde Folie;https://www.pokepedia.fr/Silver_(Johto)/%C3%89quipes_dans_Pok%C3%A9mon_Or_HeartGold_et_Argent_SoulSilver
Silver;Rivaux;HeartGold/SoulSilver — Plateau Indigo, Typhlosion;Solo;Germignon;Alakazam;;56;;Synchro;Soin;Protection;Exploforce;Psyko;https://www.pokepedia.fr/Silver_(Johto)/%C3%89quipes_dans_Pok%C3%A9mon_Or_HeartGold_et_Argent_SoulSilver
Silver;Rivaux;HeartGold/SoulSilver — Plateau Indigo, Typhlosion;Solo;Germignon;Typhlosion;;60;;Brasier;Lance-Flamme;Météores;Feu Follet;Roulade;https://www.pokepedia.fr/Silver_(Johto)/%C3%89quipes_dans_Pok%C3%A9mon_Or_HeartGold_et_Argent_SoulSilver
Silver;Rivaux;HeartGold/SoulSilver — Plateau Indigo, Aligatueur;Solo;Héricendre;Farfuret;;55;;Attention;Griffe Acier;Vent Glace;Feinte;Griffe Ombre;https://www.pokepedia.fr/Silver_(Johto)/%C3%89quipes_dans_Pok%C3%A9mon_Or_HeartGold_et_Argent_SoulSilver
Silver;Rivaux;HeartGold/SoulSilver — Plateau Indigo, Aligatueur;Solo;Héricendre;Nostenfer;;58;;Attention;Tranch'Air;Onde Folie;Morsure;Toxik;https://www.pokepedia.fr/Silver_(Johto)/%C3%89quipes_dans_Pok%C3%A9mon_Or_HeartGold_et_Argent_SoulSilver
Silver;Rivaux;HeartGold/SoulSilver — Plateau Indigo, Aligatueur;Solo;Héricendre;Magnéton;;55;;Magnépiège;Coup d'Jus;Cage-Éclair;Miroi-Tir;Bombaimant;https://www.pokepedia.fr/Silver_(Johto)/%C3%89quipes_dans_Pok%C3%A9mon_Or_HeartGold_et_Argent_SoulSilver
Silver;Rivaux;HeartGold/SoulSilver — Plateau Indigo, Aligatueur;Solo;Héricendre;Ectoplasma;;56;;Lévitation;Ball'Ombre;Vibrobscur;Bomb-Beurk;Onde Folie;https://www.pokepedia.fr/Silver_(Johto)/%C3%89quipes_dans_Pok%C3%A9mon_Or_HeartGold_et_Argent_SoulSilver
Silver;Rivaux;HeartGold/SoulSilver — Plateau Indigo, Aligatueur;Solo;Héricendre;Alakazam;;56;;Synchro;Soin;Protection;Exploforce;Psyko;https://www.pokepedia.fr/Silver_(Johto)/%C3%89quipes_dans_Pok%C3%A9mon_Or_HeartGold_et_Argent_SoulSilver
Silver;Rivaux;HeartGold/SoulSilver — Plateau Indigo, Aligatueur;Solo;Héricendre;Aligatueur;;60;;Torrent;Hydroqueue;Mâchouille;Crocs Givre;Tranche;https://www.pokepedia.fr/Silver_(Johto)/%C3%89quipes_dans_Pok%C3%A9mon_Or_HeartGold_et_Argent_SoulSilver
Silver;Rivaux;HeartGold/SoulSilver — Plateau Indigo, Méganium;Solo;Kaiminus;Farfuret;;55;;Attention;Griffe Acier;Vent Glace;Feinte;Griffe Ombre;https://www.pokepedia.fr/Silver_(Johto)/%C3%89quipes_dans_Pok%C3%A9mon_Or_HeartGold_et_Argent_SoulSilver
Silver;Rivaux;HeartGold/SoulSilver — Plateau Indigo, Méganium;Solo;Kaiminus;Nostenfer;;58;;Attention;Tranch'Air;Onde Folie;Morsure;Toxik;https://www.pokepedia.fr/Silver_(Johto)/%C3%89quipes_dans_Pok%C3%A9mon_Or_HeartGold_et_Argent_SoulSilver
Silver;Rivaux;HeartGold/SoulSilver — Plateau Indigo, Méganium;Solo;Kaiminus;Magnéton;;55;;Magnépiège;Coup d'Jus;Cage-Éclair;Miroi-Tir;Bombaimant;https://www.pokepedia.fr/Silver_(Johto)/%C3%89quipes_dans_Pok%C3%A9mon_Or_HeartGold_et_Argent_SoulSilver
Silver;Rivaux;HeartGold/SoulSilver — Plateau Indigo, Méganium;Solo;Kaiminus;Ectoplasma;;56;;Lévitation;Ball'Ombre;Vibrobscur;Bomb-Beurk;Onde Folie;https://www.pokepedia.fr/Silver_(Johto)/%C3%89quipes_dans_Pok%C3%A9mon_Or_HeartGold_et_Argent_SoulSilver
Silver;Rivaux;HeartGold/SoulSilver — Plateau Indigo, Méganium;Solo;Kaiminus;Alakazam;;56;;Synchro;Soin;Protection;Exploforce;Psyko;https://www.pokepedia.fr/Silver_(Johto)/%C3%89quipes_dans_Pok%C3%A9mon_Or_HeartGold_et_Argent_SoulSilver
Silver;Rivaux;HeartGold/SoulSilver — Plateau Indigo, Méganium;Solo;Kaiminus;Méganium;;60;;Engrais;Plaquage;Danse-Fleur;Synthèse;Mur Lumière;https://www.pokepedia.fr/Silver_(Johto)/%C3%89quipes_dans_Pok%C3%A9mon_Or_HeartGold_et_Argent_SoulSilver
Silver — bonus Stadium;Rivaux;Pokémon Stadium 2 — second round;Solo;;Lugia;;100;Restes;;Aéroblast;Psyko;Séisme;Rune Protect;https://www.pokepedia.fr/Silver_(Johto)
Silver — bonus Stadium;Rivaux;Pokémon Stadium 2 — second round;Solo;;Ho-Oh;;100;Vive Griffe;;Feu Sacré;Fatal-Foudre;Séisme;Giga-Sangsue;https://www.pokepedia.fr/Silver_(Johto)
Silver — bonus Stadium;Rivaux;Pokémon Stadium 2 — second round;Solo;;Mewtwo;;100;Roche Royale;;Psyko;Poing-Éclair;Sacrifice;Soin;https://www.pokepedia.fr/Silver_(Johto)
Tcheren;Rivaux;Noir/Blanc — Route Victoire, Roitiflam;Solo;Vipélierre;Léopardus;;65;Baie Sitrus;Délestage;Bluff;Aéropique;Griffe Ombre;Tranche-Nuit;https://www.pokepedia.fr/Tcheren/%C3%89quipes_dans_Pok%C3%A9mon_Noir_et_Blanc
Tcheren;Rivaux;Noir/Blanc — Route Victoire, Roitiflam;Solo;Vipélierre;Feuiloutan;;65;Graine Miracle;Gloutonnerie;Éco-Sphère;Éboulement;Casse-Brique;Représailles;https://www.pokepedia.fr/Tcheren/%C3%89quipes_dans_Pok%C3%A9mon_Noir_et_Blanc
Tcheren;Rivaux;Noir/Blanc — Route Victoire, Roitiflam;Solo;Vipélierre;Déflaisan;;65;Lentilscope;Chanceux;Demi-Tour;Vive-Attaque;Lame d'Air;Façade;https://www.pokepedia.fr/Tcheren/%C3%89quipes_dans_Pok%C3%A9mon_Noir_et_Blanc
Tcheren;Rivaux;Noir/Blanc — Route Victoire, Roitiflam;Solo;Vipélierre;Gigalithe;;65;Restes;Fermeté;Giga Impact;Lame de Roc;Séisme;Piège de Roc;https://www.pokepedia.fr/Tcheren/%C3%89quipes_dans_Pok%C3%A9mon_Noir_et_Blanc
Tcheren;Rivaux;Noir/Blanc — Route Victoire, Roitiflam;Solo;Vipélierre;Tranchodon;;65;Joyau Dragon;Rivalité;Colère;Plaie-Croix;Éboulement;Surf;https://www.pokepedia.fr/Tcheren/%C3%89quipes_dans_Pok%C3%A9mon_Noir_et_Blanc
Tcheren;Rivaux;Noir/Blanc — Route Victoire, Roitiflam;Solo;Vipélierre;Roitiflam;;67;Ceint. Force;Brasier;Boutefeu;Fracass'Tête;Casse-Brique;Éclair Fou;https://www.pokepedia.fr/Tcheren/%C3%89quipes_dans_Pok%C3%A9mon_Noir_et_Blanc
Tcheren;Rivaux;Noir/Blanc — Route Victoire, Clamiral;Solo;Gruikui;Léopardus;;65;Baie Sitrus;Délestage;Bluff;Aéropique;Griffe Ombre;Tranche-Nuit;https://www.pokepedia.fr/Tcheren/%C3%89quipes_dans_Pok%C3%A9mon_Noir_et_Blanc
Tcheren;Rivaux;Noir/Blanc — Route Victoire, Clamiral;Solo;Gruikui;Flamoutan;;65;Charbon;Gloutonnerie;Lance-Flamme;Éboulement;Casse-Brique;Représailles;https://www.pokepedia.fr/Tcheren/%C3%89quipes_dans_Pok%C3%A9mon_Noir_et_Blanc
Tcheren;Rivaux;Noir/Blanc — Route Victoire, Clamiral;Solo;Gruikui;Déflaisan;;65;Lentilscope;Chanceux;Demi-Tour;Vive-Attaque;Lame d'Air;Façade;https://www.pokepedia.fr/Tcheren/%C3%89quipes_dans_Pok%C3%A9mon_Noir_et_Blanc
Tcheren;Rivaux;Noir/Blanc — Route Victoire, Clamiral;Solo;Gruikui;Gigalithe;;65;Restes;Fermeté;Giga Impact;Lame de Roc;Séisme;Piège de Roc;https://www.pokepedia.fr/Tcheren/%C3%89quipes_dans_Pok%C3%A9mon_Noir_et_Blanc
Tcheren;Rivaux;Noir/Blanc — Route Victoire, Clamiral;Solo;Gruikui;Tranchodon;;65;Joyau Dragon;Rivalité;Colère;Plaie-Croix;Éboulement;Surf;https://www.pokepedia.fr/Tcheren/%C3%89quipes_dans_Pok%C3%A9mon_Noir_et_Blanc
Tcheren;Rivaux;Noir/Blanc — Route Victoire, Clamiral;Solo;Gruikui;Clamiral;;67;Ceint. Force;Torrent;Hydrocanon;Blizzard;Plaie-Croix;Aqua-Jet;https://www.pokepedia.fr/Tcheren/%C3%89quipes_dans_Pok%C3%A9mon_Noir_et_Blanc
Tcheren;Rivaux;Noir/Blanc — Route Victoire, Majaspic;Solo;Moustillon;Léopardus;;65;Baie Sitrus;Délestage;Bluff;Aéropique;Griffe Ombre;Tranche-Nuit;https://www.pokepedia.fr/Tcheren/%C3%89quipes_dans_Pok%C3%A9mon_Noir_et_Blanc
Tcheren;Rivaux;Noir/Blanc — Route Victoire, Majaspic;Solo;Moustillon;Flotoutan;;65;Eau Mystique;Gloutonnerie;Surf;Éboulement;Casse-Brique;Représailles;https://www.pokepedia.fr/Tcheren/%C3%89quipes_dans_Pok%C3%A9mon_Noir_et_Blanc
Tcheren;Rivaux;Noir/Blanc — Route Victoire, Majaspic;Solo;Moustillon;Déflaisan;;65;Lentilscope;Chanceux;Demi-Tour;Vive-Attaque;Lame d'Air;Façade;https://www.pokepedia.fr/Tcheren/%C3%89quipes_dans_Pok%C3%A9mon_Noir_et_Blanc
Tcheren;Rivaux;Noir/Blanc — Route Victoire, Majaspic;Solo;Moustillon;Gigalithe;;65;Restes;Fermeté;Giga Impact;Lame de Roc;Séisme;Piège de Roc;https://www.pokepedia.fr/Tcheren/%C3%89quipes_dans_Pok%C3%A9mon_Noir_et_Blanc
Tcheren;Rivaux;Noir/Blanc — Route Victoire, Majaspic;Solo;Moustillon;Tranchodon;;65;Joyau Dragon;Rivalité;Colère;Plaie-Croix;Éboulement;Surf;https://www.pokepedia.fr/Tcheren/%C3%89quipes_dans_Pok%C3%A9mon_Noir_et_Blanc
Tcheren;Rivaux;Noir/Blanc — Route Victoire, Majaspic;Solo;Moustillon;Majaspic;;67;Ceint. Force;Engrais;Enroulement;Draco-Queue;Lame-Feuille;Tempêteverte;https://www.pokepedia.fr/Tcheren/%C3%89quipes_dans_Pok%C3%A9mon_Noir_et_Blanc
Matis;Rivaux;Noir 2/Blanc 2 — Port Yoneuve, Roitiflam;Solo;Vipélierre;Déflaisan;;65;Lentilscope;Chanceux;Giga Impact;Demi-Tour;Aéropique;Vantardise;https://www.pokepedia.fr/Matis
Matis;Rivaux;Noir 2/Blanc 2 — Port Yoneuve, Roitiflam;Solo;Vipélierre;Flotoutan;;65;Baie Sailak;Gloutonnerie;Éboulement;Exploforce;Acrobatie;Surf;https://www.pokepedia.fr/Matis
Matis;Rivaux;Noir 2/Blanc 2 — Port Yoneuve, Roitiflam;Solo;Vipélierre;Frison;;65;Band. Muscle;Téméraire;Peignée;Éclair Fou;Mégacorne;Séisme;https://www.pokepedia.fr/Matis
Matis;Rivaux;Noir 2/Blanc 2 — Port Yoneuve, Roitiflam;Solo;Vipélierre;Libégon;;65;Joyau Dragon;Lévitation;Séisme;Déflagration;Draco Météor;Lame de Roc;https://www.pokepedia.fr/Matis
Matis;Rivaux;Noir 2/Blanc 2 — Port Yoneuve, Roitiflam;Solo;Vipélierre;Ohmassacre;;65;Restes;Lévitation;Éclair Fou;Lance-Flamme;Dracogriffe;Mâchouille;https://www.pokepedia.fr/Matis
Matis;Rivaux;Noir 2/Blanc 2 — Port Yoneuve, Roitiflam;Solo;Vipélierre;Roitiflam;;67;Ceint. Force;Brasier;Déflagration;Fracass'Tête;Marto-Poing;Ébullition;https://www.pokepedia.fr/Matis
Matis;Rivaux;Noir 2/Blanc 2 — Port Yoneuve, Clamiral;Solo;Gruikui;Déflaisan;;65;Lentilscope;Chanceux;Giga Impact;Demi-Tour;Aéropique;Vantardise;https://www.pokepedia.fr/Matis
Matis;Rivaux;Noir 2/Blanc 2 — Port Yoneuve, Clamiral;Solo;Gruikui;Feuiloutan;;65;Baie Sailak;Gloutonnerie;Éboulement;Exploforce;Acrobatie;Éco-Sphère;https://www.pokepedia.fr/Matis
Matis;Rivaux;Noir 2/Blanc 2 — Port Yoneuve, Clamiral;Solo;Gruikui;Frison;;65;Band. Muscle;Téméraire;Peignée;Éclair Fou;Mégacorne;Séisme;https://www.pokepedia.fr/Matis
Matis;Rivaux;Noir 2/Blanc 2 — Port Yoneuve, Clamiral;Solo;Gruikui;Libégon;;65;Joyau Dragon;Lévitation;Séisme;Déflagration;Draco Météor;Lame de Roc;https://www.pokepedia.fr/Matis
Matis;Rivaux;Noir 2/Blanc 2 — Port Yoneuve, Clamiral;Solo;Gruikui;Ohmassacre;;65;Restes;Lévitation;Éclair Fou;Lance-Flamme;Dracogriffe;Mâchouille;https://www.pokepedia.fr/Matis
Matis;Rivaux;Noir 2/Blanc 2 — Port Yoneuve, Clamiral;Solo;Gruikui;Clamiral;;67;Ceint. Force;Torrent;Hydrocanon;Nœud Herbe;Laser Glace;Mégacorne;https://www.pokepedia.fr/Matis
Matis;Rivaux;Noir 2/Blanc 2 — Port Yoneuve, Majaspic;Solo;Moustillon;Déflaisan;;65;Lentilscope;Chanceux;Giga Impact;Demi-Tour;Aéropique;Vantardise;https://www.pokepedia.fr/Matis
Matis;Rivaux;Noir 2/Blanc 2 — Port Yoneuve, Majaspic;Solo;Moustillon;Flamoutan;;65;Baie Sailak;Gloutonnerie;Éboulement;Exploforce;Acrobatie;Lance-Flamme;https://www.pokepedia.fr/Matis
Matis;Rivaux;Noir 2/Blanc 2 — Port Yoneuve, Majaspic;Solo;Moustillon;Frison;;65;Band. Muscle;Téméraire;Peignée;Éclair Fou;Mégacorne;Séisme;https://www.pokepedia.fr/Matis
Matis;Rivaux;Noir 2/Blanc 2 — Port Yoneuve, Majaspic;Solo;Moustillon;Libégon;;65;Joyau Dragon;Lévitation;Séisme;Déflagration;Draco Météor;Lame de Roc;https://www.pokepedia.fr/Matis
Matis;Rivaux;Noir 2/Blanc 2 — Port Yoneuve, Majaspic;Solo;Moustillon;Ohmassacre;;65;Restes;Lévitation;Éclair Fou;Lance-Flamme;Dracogriffe;Mâchouille;https://www.pokepedia.fr/Matis
Matis;Rivaux;Noir 2/Blanc 2 — Port Yoneuve, Majaspic;Solo;Moustillon;Majaspic;;67;Ceint. Force;Engrais;Lame-Feuille;Tempêteverte;Draco-Queue;Enroulement;https://www.pokepedia.fr/Matis
Kalem / Serena;Rivaux;X/Y — Batisques, Goupelin;Solo;Marisson;Mistigrix;;66;;Regard Vif;Bluff;Ball'Ombre;Psyko;Voix Enjôleuse;https://www.pokepedia.fr/Serena
Kalem / Serena;Rivaux;X/Y — Batisques, Goupelin;Solo;Marisson;Mélodelfe;;68;;Garde Magik;Pouvoir Lunaire;Exploforce;Poing Météore;Berceuse;https://www.pokepedia.fr/Serena
Kalem / Serena;Rivaux;X/Y — Batisques, Goupelin;Solo;Marisson;Voltali;;66;;Absorbe-Volt;Fatal-Foudre;Tonnerre;Double Pied;Vive-Attaque;https://www.pokepedia.fr/Serena
Kalem / Serena;Rivaux;X/Y — Batisques, Goupelin;Solo;Marisson;Absol;Méga;68;Absolite;Chanceux;Tranche-Nuit;Vive-Attaque;Tranche;Danse-Lames;https://www.pokepedia.fr/Serena
Kalem / Serena;Rivaux;X/Y — Batisques, Goupelin;Solo;Marisson;Altaria;;67;;Médic Nature;Éclat Magique;Dracochoc;Confidence;Berceuse;https://www.pokepedia.fr/Serena
Kalem / Serena;Rivaux;X/Y — Batisques, Goupelin;Solo;Marisson;Goupelin;;70;;Brasier;Psyko;Lance-Flammes;Déflagration;Feu Ensorcelé;https://www.pokepedia.fr/Serena
Kalem / Serena;Rivaux;X/Y — Batisques, Amphinobi;Solo;Feunnec;Mistigrix;;66;;Regard Vif;Bluff;Ball'Ombre;Psyko;Voix Enjôleuse;https://www.pokepedia.fr/Serena
Kalem / Serena;Rivaux;X/Y — Batisques, Amphinobi;Solo;Feunnec;Mélodelfe;;68;;Garde Magik;Pouvoir Lunaire;Exploforce;Poing Météore;Berceuse;https://www.pokepedia.fr/Serena
Kalem / Serena;Rivaux;X/Y — Batisques, Amphinobi;Solo;Feunnec;Pyroli;;66;;Torche;Déflagration;Lance-Flammes;Double Pied;Vive-Attaque;https://www.pokepedia.fr/Serena
Kalem / Serena;Rivaux;X/Y — Batisques, Amphinobi;Solo;Feunnec;Absol;Méga;68;Absolite;Chanceux;Tranche-Nuit;Vive-Attaque;Tranche;Danse-Lames;https://www.pokepedia.fr/Serena
Kalem / Serena;Rivaux;X/Y — Batisques, Amphinobi;Solo;Feunnec;Altaria;;67;;Médic Nature;Éclat Magique;Dracochoc;Confidence;Berceuse;https://www.pokepedia.fr/Serena
Kalem / Serena;Rivaux;X/Y — Batisques, Amphinobi;Solo;Feunnec;Amphinobi;;70;;Torrent;Sheauriken;Vibrobscur;Hydrocanon;Laser Glace;https://www.pokepedia.fr/Serena
Kalem / Serena;Rivaux;X/Y — Batisques, Blindépique;Solo;Grenousse;Mistigrix;;66;;Regard Vif;Bluff;Ball'Ombre;Psyko;Voix Enjôleuse;https://www.pokepedia.fr/Serena
Kalem / Serena;Rivaux;X/Y — Batisques, Blindépique;Solo;Grenousse;Mélodelfe;;68;;Garde Magik;Pouvoir Lunaire;Exploforce;Poing Météore;Berceuse;https://www.pokepedia.fr/Serena
Kalem / Serena;Rivaux;X/Y — Batisques, Blindépique;Solo;Grenousse;Aquali;;66;;Absorbe-Eau;Onde Boréale;Hydrocanon;Ultralaser;Vive-Attaque;https://www.pokepedia.fr/Serena
Kalem / Serena;Rivaux;X/Y — Batisques, Blindépique;Solo;Grenousse;Absol;Méga;68;Absolite;Chanceux;Tranche-Nuit;Vive-Attaque;Tranche;Danse-Lames;https://www.pokepedia.fr/Serena
Kalem / Serena;Rivaux;X/Y — Batisques, Blindépique;Solo;Grenousse;Altaria;;67;;Médic Nature;Éclat Magique;Dracochoc;Confidence;Berceuse;https://www.pokepedia.fr/Serena
Kalem / Serena;Rivaux;X/Y — Batisques, Blindépique;Solo;Grenousse;Blindépique;;70;;Engrais;Plaquage;Martobois;Casse-Brique;Aiguisage;https://www.pokepedia.fr/Serena
Brice / Flora;Rivaux;Rubis Oméga/Saphir Alpha — Route 103, Braségali;Solo;Arcko;Hélédelle;;48;;Cran;Aéropique;Vive-Attaque;Demi-Tour;Aile d'Acier;https://www.pokepedia.fr/Brice_(Hoenn)
Brice / Flora;Rivaux;Rubis Oméga/Saphir Alpha — Route 103, Braségali;Solo;Arcko;Raichu;;48;;Statik;Cage-Éclair;Tonnerre;Vive-Attaque;Mur Lumière;https://www.pokepedia.fr/Brice_(Hoenn)
Brice / Flora;Rivaux;Rubis Oméga/Saphir Alpha — Route 103, Braségali;Solo;Arcko;Wailord;;48;;Ignifu-Voile;Surf;Tacle Lourd;Piétisol;Laser Glace;https://www.pokepedia.fr/Brice_(Hoenn)
Brice / Flora;Rivaux;Rubis Oméga/Saphir Alpha — Route 103, Braségali;Solo;Arcko;Chapignon;;48;;Pose Spore;Canon Graine;Forte-Paume;Choc Venin;Tomberoche;https://www.pokepedia.fr/Brice_(Hoenn)
Brice / Flora;Rivaux;Rubis Oméga/Saphir Alpha — Route 103, Braségali;Solo;Arcko;Braségali;Méga;50;Braségalite;Turbo;Pied Brûleur;Casse-Brique;Vive-Attaque;Griffe Ombre;https://www.pokepedia.fr/Brice_(Hoenn)
Brice / Flora;Rivaux;Rubis Oméga/Saphir Alpha — Route 103, Laggron;Solo;Poussifeu;Hélédelle;;48;;Cran;Aéropique;Vive-Attaque;Demi-Tour;Aile d'Acier;https://www.pokepedia.fr/Brice_(Hoenn)
Brice / Flora;Rivaux;Rubis Oméga/Saphir Alpha — Route 103, Laggron;Solo;Poussifeu;Raichu;;48;;Statik;Cage-Éclair;Tonnerre;Vive-Attaque;Mur Lumière;https://www.pokepedia.fr/Brice_(Hoenn)
Brice / Flora;Rivaux;Rubis Oméga/Saphir Alpha — Route 103, Laggron;Solo;Poussifeu;Chapignon;;48;;Pose Spore;Canon Graine;Forte-Paume;Choc Venin;Tomberoche;https://www.pokepedia.fr/Brice_(Hoenn)
Brice / Flora;Rivaux;Rubis Oméga/Saphir Alpha — Route 103, Laggron;Solo;Poussifeu;Volcaropod;;48;;Armumagma;Telluriforce;Ébullilave;Plaquage;Éboulement;https://www.pokepedia.fr/Brice_(Hoenn)
Brice / Flora;Rivaux;Rubis Oméga/Saphir Alpha — Route 103, Laggron;Solo;Poussifeu;Laggron;Méga;50;Laggronite;Glissade;Séisme;Ocroupi;Éboulement;Casse-Brique;https://www.pokepedia.fr/Brice_(Hoenn)
Brice / Flora;Rivaux;Rubis Oméga/Saphir Alpha — Route 103, Jungko;Solo;Gobou;Hélédelle;;48;;Cran;Aéropique;Vive-Attaque;Demi-Tour;Aile d'Acier;https://www.pokepedia.fr/Brice_(Hoenn)
Brice / Flora;Rivaux;Rubis Oméga/Saphir Alpha — Route 103, Jungko;Solo;Gobou;Raichu;;48;;Statik;Cage-Éclair;Tonnerre;Vive-Attaque;Mur Lumière;https://www.pokepedia.fr/Brice_(Hoenn)
Brice / Flora;Rivaux;Rubis Oméga/Saphir Alpha — Route 103, Jungko;Solo;Gobou;Volcaropod;;48;;Armumagma;Telluriforce;Ébullilave;Plaquage;Éboulement;https://www.pokepedia.fr/Brice_(Hoenn)
Brice / Flora;Rivaux;Rubis Oméga/Saphir Alpha — Route 103, Jungko;Solo;Gobou;Wailord;;48;;Ignifu-Voile;Surf;Tacle Lourd;Piétisol;Laser Glace;https://www.pokepedia.fr/Brice_(Hoenn)
Brice / Flora;Rivaux;Rubis Oméga/Saphir Alpha — Route 103, Jungko;Solo;Gobou;Jungko;Méga;50;Jungkite;Paratonnerre;Lame-Feuille;Plaie-Croix;Double Baffe;Tranche-Nuit;https://www.pokepedia.fr/Brice_(Hoenn)
Gladio;Rivaux;Ultra-Soleil/Ultra-Lune — Ligue, Silvallié Feu;Solo;;Nostenfer;;68;;Attention;Acrobatie;Poison-Croix;Plaie-Croix;Aile d'Acier;https://www.pokepedia.fr/Gladio
Gladio;Rivaux;Ultra-Soleil/Ultra-Lune — Ligue, Silvallié Feu;Solo;;Zoroark;;68;Ténébrozélite;Illusion;Explonuit;Mégaphone;Nœud Herbe;Tricherie;https://www.pokepedia.fr/Gladio
Gladio;Rivaux;Ultra-Soleil/Ultra-Lune — Ligue, Silvallié Feu;Solo;;Porygon-Z;;68;;Télécharge;Triplattaque;Vibrobscur;Laser Glace;Tonnerre;https://www.pokepedia.fr/Gladio
Gladio;Rivaux;Ultra-Soleil/Ultra-Lune — Ligue, Silvallié Feu;Solo;;Lucario;;68;;Impassible;Aurasphère;Luminocanon;Vitesse Extrême;Psyko;https://www.pokepedia.fr/Gladio
Gladio;Rivaux;Ultra-Soleil/Ultra-Lune — Ligue, Silvallié Feu;Solo;;Florizarre;;68;;Engrais;Tempête Florale;Bomb-Beurk;Séisme;Colère;https://www.pokepedia.fr/Gladio
Gladio;Rivaux;Ultra-Soleil/Ultra-Lune — Ligue, Silvallié Feu;Solo;;Silvallié;;70;ROM Feu;Système Alpha;Mâchouille;Éclate Griffe;Plaie-Croix;Coup Varia-Type;https://www.pokepedia.fr/Gladio
Gladio;Rivaux;Ultra-Soleil/Ultra-Lune — Ligue, Silvallié Eau;Solo;;Nostenfer;;68;;Attention;Acrobatie;Poison-Croix;Plaie-Croix;Aile d'Acier;https://www.pokepedia.fr/Gladio
Gladio;Rivaux;Ultra-Soleil/Ultra-Lune — Ligue, Silvallié Eau;Solo;;Zoroark;;68;Ténébrozélite;Illusion;Explonuit;Mégaphone;Nœud Herbe;Tricherie;https://www.pokepedia.fr/Gladio
Gladio;Rivaux;Ultra-Soleil/Ultra-Lune — Ligue, Silvallié Eau;Solo;;Porygon-Z;;68;;Télécharge;Triplattaque;Vibrobscur;Laser Glace;Tonnerre;https://www.pokepedia.fr/Gladio
Gladio;Rivaux;Ultra-Soleil/Ultra-Lune — Ligue, Silvallié Eau;Solo;;Lucario;;68;;Impassible;Aurasphère;Luminocanon;Vitesse Extrême;Psyko;https://www.pokepedia.fr/Gladio
Gladio;Rivaux;Ultra-Soleil/Ultra-Lune — Ligue, Silvallié Eau;Solo;;Dracaufeu;;68;;Brasier;Lame d'Air;Lance-Flammes;Séisme;Colère;https://www.pokepedia.fr/Gladio
Gladio;Rivaux;Ultra-Soleil/Ultra-Lune — Ligue, Silvallié Eau;Solo;;Silvallié;;70;ROM Eau;Système Alpha;Mâchouille;Éclate Griffe;Plaie-Croix;Coup Varia-Type;https://www.pokepedia.fr/Gladio
Gladio;Rivaux;Ultra-Soleil/Ultra-Lune — Ligue, Silvallié Plante;Solo;;Nostenfer;;68;;Attention;Acrobatie;Poison-Croix;Plaie-Croix;Aile d'Acier;https://www.pokepedia.fr/Gladio
Gladio;Rivaux;Ultra-Soleil/Ultra-Lune — Ligue, Silvallié Plante;Solo;;Zoroark;;68;Ténébrozélite;Illusion;Explonuit;Mégaphone;Nœud Herbe;Tricherie;https://www.pokepedia.fr/Gladio
Gladio;Rivaux;Ultra-Soleil/Ultra-Lune — Ligue, Silvallié Plante;Solo;;Porygon-Z;;68;;Télécharge;Triplattaque;Vibrobscur;Laser Glace;Tonnerre;https://www.pokepedia.fr/Gladio
Gladio;Rivaux;Ultra-Soleil/Ultra-Lune — Ligue, Silvallié Plante;Solo;;Lucario;;68;;Impassible;Aurasphère;Luminocanon;Vitesse Extrême;Psyko;https://www.pokepedia.fr/Gladio
Gladio;Rivaux;Ultra-Soleil/Ultra-Lune — Ligue, Silvallié Plante;Solo;;Tortank;;68;;Torrent;Surf;Laser Glace;Séisme;Colère;https://www.pokepedia.fr/Gladio
Gladio;Rivaux;Ultra-Soleil/Ultra-Lune — Ligue, Silvallié Plante;Solo;;Silvallié;;70;ROM Plante;Système Alpha;Mâchouille;Éclate Griffe;Plaie-Croix;Coup Varia-Type;https://www.pokepedia.fr/Gladio
Nabil;Rivaux;Épée — Sleepwood, Lézargus/Zamazenta;Solo;Ouistempo;Moumouflon;;69;;Impassible;Cotogarde;Double Pied;Damoclès;Coup d'Boule;https://www.pokepedia.fr/Nabil/%C3%89quipes_dans_Pok%C3%A9mon_%C3%89p%C3%A9e_et_Bouclier
Nabil;Rivaux;Épée — Sleepwood, Lézargus/Zamazenta;Solo;Ouistempo;Ronflex;;68;;Isograisse;Marto-Poing;Séisme;Tacle Lourd;Mâchouille;https://www.pokepedia.fr/Nabil/%C3%89quipes_dans_Pok%C3%A9mon_%C3%89p%C3%A9e_et_Bouclier
Nabil;Rivaux;Épée — Sleepwood, Lézargus/Zamazenta;Solo;Ouistempo;Wattapik;;68;;Paratonnerre;Électrikipik;Direct Toxik;Aqua-Brèche;Soin;https://www.pokepedia.fr/Nabil/%C3%89quipes_dans_Pok%C3%A9mon_%C3%89p%C3%A9e_et_Bouclier
Nabil;Rivaux;Épée — Sleepwood, Lézargus/Zamazenta;Solo;Ouistempo;Corvaillus;;69;;Tension;Ailes d'Acier;Bec Vrille;Vantardise;Mur Lumière;https://www.pokepedia.fr/Nabil/%C3%89quipes_dans_Pok%C3%A9mon_%C3%89p%C3%A9e_et_Bouclier
Nabil;Rivaux;Épée — Sleepwood, Lézargus/Zamazenta;Solo;Ouistempo;Lézargus;;70;;Torrent;Tir de Précision;Coup Bas;Laser Glace;Vibrobscur;https://www.pokepedia.fr/Nabil/%C3%89quipes_dans_Pok%C3%A9mon_%C3%89p%C3%A9e_et_Bouclier
Nabil;Rivaux;Épée — Sleepwood, Lézargus/Zamazenta;Solo;Ouistempo;Zamazenta;Bouclier Suprême;70;Bouclier Rouillé;Égide Inflexible;Mâchouille;Aegis Maxima;Psycho-Croc;Câlinerie;https://www.pokepedia.fr/Nabil/%C3%89quipes_dans_Pok%C3%A9mon_%C3%89p%C3%A9e_et_Bouclier
Nabil;Rivaux;Épée — Sleepwood, Gorythmic/Zamazenta;Solo;Flambino;Moumouflon;;69;;Impassible;Cotogarde;Double Pied;Damoclès;Coup d'Boule;https://www.pokepedia.fr/Nabil/%C3%89quipes_dans_Pok%C3%A9mon_%C3%89p%C3%A9e_et_Bouclier
Nabil;Rivaux;Épée — Sleepwood, Gorythmic/Zamazenta;Solo;Flambino;Ronflex;;68;;Isograisse;Marto-Poing;Séisme;Tacle Lourd;Mâchouille;https://www.pokepedia.fr/Nabil/%C3%89quipes_dans_Pok%C3%A9mon_%C3%89p%C3%A9e_et_Bouclier
Nabil;Rivaux;Épée — Sleepwood, Gorythmic/Zamazenta;Solo;Flambino;Wattapik;;68;;Paratonnerre;Électrikipik;Direct Toxik;Aqua-Brèche;Soin;https://www.pokepedia.fr/Nabil/%C3%89quipes_dans_Pok%C3%A9mon_%C3%89p%C3%A9e_et_Bouclier
Nabil;Rivaux;Épée — Sleepwood, Gorythmic/Zamazenta;Solo;Flambino;Corvaillus;;69;;Tension;Ailes d'Acier;Bec Vrille;Vantardise;Mur Lumière;https://www.pokepedia.fr/Nabil/%C3%89quipes_dans_Pok%C3%A9mon_%C3%89p%C3%A9e_et_Bouclier
Nabil;Rivaux;Épée — Sleepwood, Gorythmic/Zamazenta;Solo;Flambino;Gorythmic;;70;;Engrais;Tambour Battant;Souplesse;Sabotage;Cavalerie Lourde;https://www.pokepedia.fr/Nabil/%C3%89quipes_dans_Pok%C3%A9mon_%C3%89p%C3%A9e_et_Bouclier
Nabil;Rivaux;Épée — Sleepwood, Gorythmic/Zamazenta;Solo;Flambino;Zamazenta;Bouclier Suprême;70;Bouclier Rouillé;Égide Inflexible;Mâchouille;Aegis Maxima;Psycho-Croc;Câlinerie;https://www.pokepedia.fr/Nabil/%C3%89quipes_dans_Pok%C3%A9mon_%C3%89p%C3%A9e_et_Bouclier
Nabil;Rivaux;Épée — Sleepwood, Pyrobut/Zamazenta;Solo;Larméléon;Moumouflon;;69;;Impassible;Cotogarde;Double Pied;Damoclès;Coup d'Boule;https://www.pokepedia.fr/Nabil/%C3%89quipes_dans_Pok%C3%A9mon_%C3%89p%C3%A9e_et_Bouclier
Nabil;Rivaux;Épée — Sleepwood, Pyrobut/Zamazenta;Solo;Larméléon;Ronflex;;68;;Isograisse;Marto-Poing;Séisme;Tacle Lourd;Mâchouille;https://www.pokepedia.fr/Nabil/%C3%89quipes_dans_Pok%C3%A9mon_%C3%89p%C3%A9e_et_Bouclier
Nabil;Rivaux;Épée — Sleepwood, Pyrobut/Zamazenta;Solo;Larméléon;Wattapik;;68;;Paratonnerre;Électrikipik;Direct Toxik;Aqua-Brèche;Soin;https://www.pokepedia.fr/Nabil/%C3%89quipes_dans_Pok%C3%A9mon_%C3%89p%C3%A9e_et_Bouclier
Nabil;Rivaux;Épée — Sleepwood, Pyrobut/Zamazenta;Solo;Larméléon;Corvaillus;;69;;Tension;Ailes d'Acier;Bec Vrille;Vantardise;Mur Lumière;https://www.pokepedia.fr/Nabil/%C3%89quipes_dans_Pok%C3%A9mon_%C3%89p%C3%A9e_et_Bouclier
Nabil;Rivaux;Épée — Sleepwood, Pyrobut/Zamazenta;Solo;Larméléon;Pyrobut;;70;;Brasier;Détricanon;Tête de Fer;Ballon Brûlant;Psykoud'Boul;https://www.pokepedia.fr/Nabil/%C3%89quipes_dans_Pok%C3%A9mon_%C3%89p%C3%A9e_et_Bouclier
Nabil;Rivaux;Épée — Sleepwood, Pyrobut/Zamazenta;Solo;Larméléon;Zamazenta;Bouclier Suprême;70;Bouclier Rouillé;Égide Inflexible;Mâchouille;Aegis Maxima;Psycho-Croc;Câlinerie;https://www.pokepedia.fr/Nabil/%C3%89quipes_dans_Pok%C3%A9mon_%C3%89p%C3%A9e_et_Bouclier
Nabil;Rivaux;Bouclier — Sleepwood, Lézargus/Zacian;Solo;Ouistempo;Moumouflon;;69;;Impassible;Cotogarde;Double Pied;Damoclès;Coup d'Boule;https://www.pokepedia.fr/Nabil/%C3%89quipes_dans_Pok%C3%A9mon_%C3%89p%C3%A9e_et_Bouclier
Nabil;Rivaux;Bouclier — Sleepwood, Lézargus/Zacian;Solo;Ouistempo;Ronflex;;68;;Isograisse;Marto-Poing;Séisme;Tacle Lourd;Mâchouille;https://www.pokepedia.fr/Nabil/%C3%89quipes_dans_Pok%C3%A9mon_%C3%89p%C3%A9e_et_Bouclier
Nabil;Rivaux;Bouclier — Sleepwood, Lézargus/Zacian;Solo;Ouistempo;Wattapik;;68;;Paratonnerre;Électrikipik;Direct Toxik;Aqua-Brèche;Soin;https://www.pokepedia.fr/Nabil/%C3%89quipes_dans_Pok%C3%A9mon_%C3%89p%C3%A9e_et_Bouclier
Nabil;Rivaux;Bouclier — Sleepwood, Lézargus/Zacian;Solo;Ouistempo;Corvaillus;;69;;Tension;Ailes d'Acier;Bec Vrille;Vantardise;Mur Lumière;https://www.pokepedia.fr/Nabil/%C3%89quipes_dans_Pok%C3%A9mon_%C3%89p%C3%A9e_et_Bouclier
Nabil;Rivaux;Bouclier — Sleepwood, Lézargus/Zacian;Solo;Ouistempo;Lézargus;;70;;Torrent;Tir de Précision;Coup Bas;Laser Glace;Vibrobscur;https://www.pokepedia.fr/Nabil/%C3%89quipes_dans_Pok%C3%A9mon_%C3%89p%C3%A9e_et_Bouclier
Nabil;Rivaux;Bouclier — Sleepwood, Lézargus/Zacian;Solo;Ouistempo;Zacian;Épée Suprême;70;Épée Rouillée;Lame Indomptable;Mâchouille;Gladius Maximus;Éclair Fou;Close Combat;https://www.pokepedia.fr/Nabil/%C3%89quipes_dans_Pok%C3%A9mon_%C3%89p%C3%A9e_et_Bouclier
Nabil;Rivaux;Bouclier — Sleepwood, Gorythmic/Zacian;Solo;Flambino;Moumouflon;;69;;Impassible;Cotogarde;Double Pied;Damoclès;Coup d'Boule;https://www.pokepedia.fr/Nabil/%C3%89quipes_dans_Pok%C3%A9mon_%C3%89p%C3%A9e_et_Bouclier
Nabil;Rivaux;Bouclier — Sleepwood, Gorythmic/Zacian;Solo;Flambino;Ronflex;;68;;Isograisse;Marto-Poing;Séisme;Tacle Lourd;Mâchouille;https://www.pokepedia.fr/Nabil/%C3%89quipes_dans_Pok%C3%A9mon_%C3%89p%C3%A9e_et_Bouclier
Nabil;Rivaux;Bouclier — Sleepwood, Gorythmic/Zacian;Solo;Flambino;Wattapik;;68;;Paratonnerre;Électrikipik;Direct Toxik;Aqua-Brèche;Soin;https://www.pokepedia.fr/Nabil/%C3%89quipes_dans_Pok%C3%A9mon_%C3%89p%C3%A9e_et_Bouclier
Nabil;Rivaux;Bouclier — Sleepwood, Gorythmic/Zacian;Solo;Flambino;Corvaillus;;69;;Tension;Ailes d'Acier;Bec Vrille;Vantardise;Mur Lumière;https://www.pokepedia.fr/Nabil/%C3%89quipes_dans_Pok%C3%A9mon_%C3%89p%C3%A9e_et_Bouclier
Nabil;Rivaux;Bouclier — Sleepwood, Gorythmic/Zacian;Solo;Flambino;Gorythmic;;70;;Engrais;Tambour Battant;Souplesse;Sabotage;Cavalerie Lourde;https://www.pokepedia.fr/Nabil/%C3%89quipes_dans_Pok%C3%A9mon_%C3%89p%C3%A9e_et_Bouclier
Nabil;Rivaux;Bouclier — Sleepwood, Gorythmic/Zacian;Solo;Flambino;Zacian;Épée Suprême;70;Épée Rouillée;Lame Indomptable;Mâchouille;Gladius Maximus;Éclair Fou;Close Combat;https://www.pokepedia.fr/Nabil/%C3%89quipes_dans_Pok%C3%A9mon_%C3%89p%C3%A9e_et_Bouclier
Nabil;Rivaux;Bouclier — Sleepwood, Pyrobut/Zacian;Solo;Larméléon;Moumouflon;;69;;Impassible;Cotogarde;Double Pied;Damoclès;Coup d'Boule;https://www.pokepedia.fr/Nabil/%C3%89quipes_dans_Pok%C3%A9mon_%C3%89p%C3%A9e_et_Bouclier
Nabil;Rivaux;Bouclier — Sleepwood, Pyrobut/Zacian;Solo;Larméléon;Ronflex;;68;;Isograisse;Marto-Poing;Séisme;Tacle Lourd;Mâchouille;https://www.pokepedia.fr/Nabil/%C3%89quipes_dans_Pok%C3%A9mon_%C3%89p%C3%A9e_et_Bouclier
Nabil;Rivaux;Bouclier — Sleepwood, Pyrobut/Zacian;Solo;Larméléon;Wattapik;;68;;Paratonnerre;Électrikipik;Direct Toxik;Aqua-Brèche;Soin;https://www.pokepedia.fr/Nabil/%C3%89quipes_dans_Pok%C3%A9mon_%C3%89p%C3%A9e_et_Bouclier
Nabil;Rivaux;Bouclier — Sleepwood, Pyrobut/Zacian;Solo;Larméléon;Corvaillus;;69;;Tension;Ailes d'Acier;Bec Vrille;Vantardise;Mur Lumière;https://www.pokepedia.fr/Nabil/%C3%89quipes_dans_Pok%C3%A9mon_%C3%89p%C3%A9e_et_Bouclier
Nabil;Rivaux;Bouclier — Sleepwood, Pyrobut/Zacian;Solo;Larméléon;Pyrobut;;70;;Brasier;Détricanon;Tête de Fer;Ballon Brûlant;Psykoud'Boul;https://www.pokepedia.fr/Nabil/%C3%89quipes_dans_Pok%C3%A9mon_%C3%89p%C3%A9e_et_Bouclier
Nabil;Rivaux;Bouclier — Sleepwood, Pyrobut/Zacian;Solo;Larméléon;Zacian;Épée Suprême;70;Épée Rouillée;Lame Indomptable;Mâchouille;Gladius Maximus;Éclair Fou;Close Combat;https://www.pokepedia.fr/Nabil/%C3%89quipes_dans_Pok%C3%A9mon_%C3%89p%C3%A9e_et_Bouclier
Menzi;Rivaux;Écarlate/Violet — Épilogue, Palmaval;Solo;Poussacha;Lougaroc;Diurne;86;;Baigne Sable;Lame de Roc;Piège de Roc;Tunnelier;Vif Roc;https://www.pokepedia.fr/Menzi
Menzi;Rivaux;Écarlate/Violet — Épilogue, Palmaval;Solo;Poussacha;Ékaïser;;86;;Anti-Bruit;Dracacophonie;Vampi-Poing;Poing Éclair;Séisme;https://www.pokepedia.fr/Menzi
Menzi;Rivaux;Écarlate/Violet — Épilogue, Palmaval;Solo;Poussacha;Muplodocus;;86;;Herbivore;Bombe Beurk;Draco-Choc;Laser Glace;Ocroupi;https://www.pokepedia.fr/Menzi
Menzi;Rivaux;Écarlate/Violet — Épilogue, Palmaval;Solo;Poussacha;Rubombelle;;86;;Écran Poudre;Bourdon;Pouvoir Lunaire;Éco-Sphère;Psyko;https://www.pokepedia.fr/Menzi
Menzi;Rivaux;Écarlate/Violet — Épilogue, Palmaval;Solo;Poussacha;Pohmarmotte;;86;;Absorbe-Volt;Close Combat;Double Décharge;Poing Glace;Vive-Attaque;https://www.pokepedia.fr/Menzi
Menzi;Rivaux;Écarlate/Violet — Épilogue, Palmaval;Solo;Poussacha;Palmaval;;87;;Torrent;Aéropique;Casse-Brique;Cryo-Pirouette;Danse Aquatique;https://www.pokepedia.fr/Menzi
Menzi;Rivaux;Écarlate/Violet — Épilogue, Miascarade;Solo;Chochodile;Lougaroc;Diurne;86;;Baigne Sable;Lame de Roc;Piège de Roc;Tunnelier;Vif Roc;https://www.pokepedia.fr/Menzi
Menzi;Rivaux;Écarlate/Violet — Épilogue, Miascarade;Solo;Chochodile;Ékaïser;;86;;Anti-Bruit;Dracacophonie;Vampi-Poing;Poing Éclair;Séisme;https://www.pokepedia.fr/Menzi
Menzi;Rivaux;Écarlate/Violet — Épilogue, Miascarade;Solo;Chochodile;Muplodocus;;86;;Herbivore;Bombe Beurk;Draco-Choc;Laser Glace;Ocroupi;https://www.pokepedia.fr/Menzi
Menzi;Rivaux;Écarlate/Violet — Épilogue, Miascarade;Solo;Chochodile;Milobellus;;86;;Battant;Vampibaiser;Surf;Laser Glace;Tir de Boue;https://www.pokepedia.fr/Menzi
Menzi;Rivaux;Écarlate/Violet — Épilogue, Miascarade;Solo;Chochodile;Pohmarmotte;;86;;Absorbe-Volt;Close Combat;Double Décharge;Poing Glace;Vive-Attaque;https://www.pokepedia.fr/Menzi
Menzi;Rivaux;Écarlate/Violet — Épilogue, Miascarade;Solo;Chochodile;Miascarade;;87;;Engrais;Câlinerie;Griffe Ombre;Magie Florale;Poing Éclair;https://www.pokepedia.fr/Menzi
Menzi;Rivaux;Écarlate/Violet — Épilogue, Flâmigator;Solo;Coiffeton;Lougaroc;Diurne;86;;Baigne Sable;Lame de Roc;Piège de Roc;Tunnelier;Vif Roc;https://www.pokepedia.fr/Menzi
Menzi;Rivaux;Écarlate/Violet — Épilogue, Flâmigator;Solo;Coiffeton;Ékaïser;;86;;Anti-Bruit;Dracacophonie;Vampi-Poing;Poing Éclair;Séisme;https://www.pokepedia.fr/Menzi
Menzi;Rivaux;Écarlate/Violet — Épilogue, Flâmigator;Solo;Coiffeton;Muplodocus;;86;;Herbivore;Bombe Beurk;Draco-Choc;Laser Glace;Ocroupi;https://www.pokepedia.fr/Menzi
Menzi;Rivaux;Écarlate/Violet — Épilogue, Flâmigator;Solo;Coiffeton;Noctunoir;;86;;Pression;Séisme;Poing Éclair;Ombre Portée;Poing Glace;https://www.pokepedia.fr/Menzi
Menzi;Rivaux;Écarlate/Violet — Épilogue, Flâmigator;Solo;Coiffeton;Pohmarmotte;;86;;Absorbe-Volt;Close Combat;Double Décharge;Poing Glace;Vive-Attaque;https://www.pokepedia.fr/Menzi
Menzi;Rivaux;Écarlate/Violet — Épilogue, Flâmigator;Solo;Coiffeton;Flâmigator;;87;;Brasier;Aboiement;Ball'Ombre;Chant Flamboyant;Telluriforce;https://www.pokepedia.fr/Menzi
Menzi;Rivaux;Écarlate/Violet — Club de la Ligue, Palmaval;Solo;Poussacha;Lougaroc;Diurne;86;;Baigne Sable;Lame de Roc;Piège de Roc;Tunnelier;Vif Roc;https://www.pokepedia.fr/Menzi
Menzi;Rivaux;Écarlate/Violet — Club de la Ligue, Palmaval;Solo;Poussacha;Ékaïser;;86;;Anti-Bruit;Dracacophonie;Vampi-Poing;Poing Éclair;Séisme;https://www.pokepedia.fr/Menzi
Menzi;Rivaux;Écarlate/Violet — Club de la Ligue, Palmaval;Solo;Poussacha;Archéduc;;86;;Engrais;Tisse Ombre;Lame Feuille;Double Volée;Coup Bas;https://www.pokepedia.fr/Menzi
Menzi;Rivaux;Écarlate/Violet — Club de la Ligue, Palmaval;Solo;Poussacha;Rubombelle;;86;;Écran Poudre;Bourdon;Pouvoir Lunaire;Éco-Sphère;Psyko;https://www.pokepedia.fr/Menzi
Menzi;Rivaux;Écarlate/Violet — Club de la Ligue, Palmaval;Solo;Poussacha;Pohmarmotte;;86;;Absorbe-Volt;Close Combat;Double Décharge;Poing Glace;Vive-Attaque;https://www.pokepedia.fr/Menzi
Menzi;Rivaux;Écarlate/Violet — Club de la Ligue, Palmaval;Solo;Poussacha;Palmaval;;87;;Torrent;Aéropique;Casse-Brique;Cryo-Pirouette;Danse Aquatique;https://www.pokepedia.fr/Menzi
Menzi;Rivaux;Écarlate/Violet — Club de la Ligue, Miascarade;Solo;Chochodile;Lougaroc;Diurne;86;;Baigne Sable;Lame de Roc;Piège de Roc;Tunnelier;Vif Roc;https://www.pokepedia.fr/Menzi
Menzi;Rivaux;Écarlate/Violet — Club de la Ligue, Miascarade;Solo;Chochodile;Ékaïser;;86;;Anti-Bruit;Dracacophonie;Vampi-Poing;Poing Éclair;Séisme;https://www.pokepedia.fr/Menzi
Menzi;Rivaux;Écarlate/Violet — Club de la Ligue, Miascarade;Solo;Chochodile;Simiabraz;;86;;Brasier;Mach Punch;Close Combat;Boutefeu;Lame de Roc;https://www.pokepedia.fr/Menzi
Menzi;Rivaux;Écarlate/Violet — Club de la Ligue, Miascarade;Solo;Chochodile;Milobellus;;86;;Battant;Vampibaiser;Surf;Laser Glace;Tir de Boue;https://www.pokepedia.fr/Menzi
Menzi;Rivaux;Écarlate/Violet — Club de la Ligue, Miascarade;Solo;Chochodile;Pohmarmotte;;86;;Absorbe-Volt;Close Combat;Double Décharge;Poing Glace;Vive-Attaque;https://www.pokepedia.fr/Menzi
Menzi;Rivaux;Écarlate/Violet — Club de la Ligue, Miascarade;Solo;Chochodile;Miascarade;;87;;Engrais;Câlinerie;Griffe Ombre;Magie Florale;Poing Éclair;https://www.pokepedia.fr/Menzi
Menzi;Rivaux;Écarlate/Violet — Club de la Ligue, Flâmigator;Solo;Coiffeton;Lougaroc;Diurne;86;;Baigne Sable;Lame de Roc;Piège de Roc;Tunnelier;Vif Roc;https://www.pokepedia.fr/Menzi
Menzi;Rivaux;Écarlate/Violet — Club de la Ligue, Flâmigator;Solo;Coiffeton;Ékaïser;;86;;Anti-Bruit;Dracacophonie;Vampi-Poing;Poing Éclair;Séisme;https://www.pokepedia.fr/Menzi
Menzi;Rivaux;Écarlate/Violet — Club de la Ligue, Flâmigator;Solo;Coiffeton;Amphinobi;;86;;Torrent;Sheauriken;Vibrobscur;Laser Glace;Nœud Herbe;https://www.pokepedia.fr/Menzi
Menzi;Rivaux;Écarlate/Violet — Club de la Ligue, Flâmigator;Solo;Coiffeton;Noctunoir;;86;;Pression;Séisme;Poing Éclair;Ombre Portée;Poing Glace;https://www.pokepedia.fr/Menzi
Menzi;Rivaux;Écarlate/Violet — Club de la Ligue, Flâmigator;Solo;Coiffeton;Pohmarmotte;;86;;Absorbe-Volt;Close Combat;Double Décharge;Poing Glace;Vive-Attaque;https://www.pokepedia.fr/Menzi
Menzi;Rivaux;Écarlate/Violet — Club de la Ligue, Flâmigator;Solo;Coiffeton;Flâmigator;;87;;Brasier;Aboiement;Ball'Ombre;Chant Flamboyant;Telluriforce;https://www.pokepedia.fr/Menzi
Kassis;Rivaux;Écarlate/Violet — Le Disque Indigo, Maître Myrtille;Duo;;Dracolosse;;80;Ceinture Pro;Multiécaille;Abattage;Fatal Foudre;Vent Violent;Vitesse Extrême;https://www.pokepedia.fr/Kassis
Kassis;Rivaux;Écarlate/Violet — Le Disque Indigo, Maître Myrtille;Duo;;Tarpaud;;80;Baie Parma;Crachin;Ball'Météo;Coup d'Main;Laser Glace;Psyko;https://www.pokepedia.fr/Kassis
Kassis;Rivaux;Écarlate/Violet — Le Disque Indigo, Maître Myrtille;Duo;;Félinferno;;81;Baie Sitrus;Intimidation;Boutefeu;Bluff;Casse-Brique;Dark Lariat;https://www.pokepedia.fr/Kassis
Kassis;Rivaux;Écarlate/Violet — Le Disque Indigo, Maître Myrtille;Duo;;Porygon-Z;;81;Orbe Vie;Adaptabilité;Ball'Ombre;Tonnerre;Laser Glace;Ultralaser;https://www.pokepedia.fr/Kassis
Kassis;Rivaux;Écarlate/Violet — Le Disque Indigo, Maître Myrtille;Duo;;Angoliath;;81;Ceinture Force;Farceur;Coup Bas;Mur Lumière;Protection;Choc Émotionnel;https://www.pokepedia.fr/Kassis
Kassis;Rivaux;Écarlate/Violet — Le Disque Indigo, Maître Myrtille;Duo;;Pomdorochi;;82;Veste de Combat;Nectar Mielleux;Gyroballe;Laser Hasard;Telluriforce;Téra Explosion;https://www.pokepedia.fr/Kassis
Kassis;Rivaux;Écarlate/Violet — revanche au Club de la Ligue;Duo;;Tarpaud;;85;Baie Parma;Crachin;Laser Glace;Ball'Météo;Psyko;Coup d'Main;https://www.pokepedia.fr/Kassis
Kassis;Rivaux;Écarlate/Violet — revanche au Club de la Ligue;Duo;;Dracolosse;;85;Ceinture Pro;Multiécaille;Vent Violent;Fatal Foudre;Abattage;Vitesse Extrême;https://www.pokepedia.fr/Kassis
Kassis;Rivaux;Écarlate/Violet — revanche au Club de la Ligue;Duo;;Félinferno;;86;Baie Sitrus;Intimidation;Dark Lariat;Casse-Brique;Boutefeu;Bluff;https://www.pokepedia.fr/Kassis
Kassis;Rivaux;Écarlate/Violet — revanche au Club de la Ligue;Duo;;Porygon-Z;;86;Orbe Vie;Adaptabilité;Ultralaser;Laser Glace;Tonnerre;Ball'Ombre;https://www.pokepedia.fr/Kassis
Kassis;Rivaux;Écarlate/Violet — revanche au Club de la Ligue;Duo;;Angoliath;;86;Ceinture Force;Farceur;Coup Bas;Mur Lumière;Protection;Choc Émotionnel;https://www.pokepedia.fr/Kassis
Kassis;Rivaux;Écarlate/Violet — revanche au Club de la Ligue;Duo;;Pomdorochi;;87;Veste de Combat;Nectar Mielleux;Laser Hasard;Gyroballe;Téra Explosion;Telluriforce;https://www.pokepedia.fr/Kassis
Pepper;Rivaux;Écarlate/Violet — Club de la Ligue;Solo;;Rongrigou;;82;;Bajoues;Balle Graine;Plaquage;Psycho-Croc;Séisme;https://www.pokepedia.fr/Pepper
Pepper;Rivaux;Écarlate/Violet — Club de la Ligue;Solo;;Gigansel;;82;;Sel Purificateur;Big Splash;Lame de Roc;Piège de Roc;Séisme;https://www.pokepedia.fr/Pepper
Pepper;Rivaux;Écarlate/Violet — Club de la Ligue;Solo;;Terracruel;;82;;Force Fongique;Bombe Beurk;Mégafouet;Spore;Telluriforce;https://www.pokepedia.fr/Pepper
Pepper;Rivaux;Écarlate/Violet — Club de la Ligue;Solo;;Scovilain;;82;;Chlorophylle;Déflagration;Éco-Sphère;Mâchouille;Psykoud'Boul;https://www.pokepedia.fr/Pepper
Pepper;Rivaux;Écarlate/Violet — Club de la Ligue;Solo;;Crustabri;;82;;Multi-Coups;Aqua-Brèche;Boule Roc;Mur Lumière;Stalactite;https://www.pokepedia.fr/Pepper
Pepper;Rivaux;Écarlate/Violet — Club de la Ligue;Solo;;Dogrino;;83;;Intimidation;Câlinerie;Crocs Feu;Mâchouille;Psycho-Croc;https://www.pokepedia.fr/Pepper
Travis;Rivaux;Épée/Bouclier — Stade de Winscor;Solo;;Mysdibule;;61;;Intimidation;Câlinerie;Croco Larme;Tête de Fer;Mâchouille;https://www.pokepedia.fr/Travis
Travis;Rivaux;Épée/Bouclier — Stade de Winscor;Solo;;Gardevoir;;61;;Synchro;Ball'Ombre;Éco-Sphère;Psyko;Éclat Magique;https://www.pokepedia.fr/Travis
Travis;Rivaux;Épée/Bouclier — Stade de Winscor;Solo;;Galopa de Galar;Galar;62;;Voile Pastel;Psykoud'Boul;Estocorne;Éclat Magique;Tunnelier;https://www.pokepedia.fr/Travis
Travis;Rivaux;Épée/Bouclier — Stade de Winscor;Solo;;Nymphali;;62;;Joli Sourire;Pouvoir Lunaire;Mur Lumière;Ball'Ombre;Choc Psy;https://www.pokepedia.fr/Travis
Travis;Rivaux;Épée/Bouclier — Stade de Winscor;Solo;;Sorcilence;Gigamax;63;;Anticipation;Psyko;Plénitude;Éclat Magique;Feu Ensorcelé;https://www.pokepedia.fr/Travis
Travis;Rivaux;Épée/Bouclier — Tournoi des Stars;Duo;;Mysdibule;;72;;Intimidation;Câlinerie;Croco Larme;Tête de Fer;Mâchouille;https://www.pokepedia.fr/Travis
Travis;Rivaux;Épée/Bouclier — Tournoi des Stars;Duo;;Galopa de Galar;Galar;73;;Voile Pastel;Psykoud'Boul;Estocorne;Éclat Magique;Tunnelier;https://www.pokepedia.fr/Travis
Travis;Rivaux;Épée/Bouclier — Tournoi des Stars;Duo;;Sorcilence;Gigamax;74;;Anticipation;Psyko;Plénitude;Éclat Magique;Feu Ensorcelé;https://www.pokepedia.fr/Travis
N;Boss et adversaires spéciaux;Noir — Palais, Zekrom;Solo;;Zekrom;;52;;Téra-Voltage;Éclair Croix;Giga Impact;Psykoud'Boul;Mur Lumière;https://www.pokepedia.fr/N
N;Boss et adversaires spéciaux;Noir — Palais, Zekrom;Solo;;Mégapagos;;50;;Fermeté;Lame de Roc;Aqua-Jet;Mâchouille;Cascade;https://www.pokepedia.fr/N
N;Boss et adversaires spéciaux;Noir — Palais, Zekrom;Solo;;Sorbouboul;;50;;Corps Gel;Blizzard;Grêle;Luminocanon;Souffle Glacé;https://www.pokepedia.fr/N
N;Boss et adversaires spéciaux;Noir — Palais, Zekrom;Solo;;Aéroptéryx;;50;;Défaitiste;Lame de Roc;Acrobatie;Dracogriffe;Mâchouille;https://www.pokepedia.fr/N
N;Boss et adversaires spéciaux;Noir — Palais, Zekrom;Solo;;Zoroark;;50;;Illusion;Tranche-Nuit;Lance-Flammes;Exploforce;Vengeance;https://www.pokepedia.fr/N
N;Boss et adversaires spéciaux;Noir — Palais, Zekrom;Solo;;Cliticlic;;50;;Plus;Luminocanon;Strido-Son;Ultralaser;Tonnerre;https://www.pokepedia.fr/N
N;Boss et adversaires spéciaux;Blanc — Palais, Reshiram;Solo;;Reshiram;;52;;Turbo Brasier;Flamme Croix;Ultralaser;Extrasenseur;Protection;https://www.pokepedia.fr/N
N;Boss et adversaires spéciaux;Blanc — Palais, Reshiram;Solo;;Mégapagos;;50;;Fermeté;Lame de Roc;Aqua-Jet;Mâchouille;Cascade;https://www.pokepedia.fr/N
N;Boss et adversaires spéciaux;Blanc — Palais, Reshiram;Solo;;Sorbouboul;;50;;Corps Gel;Blizzard;Grêle;Luminocanon;Souffle Glacé;https://www.pokepedia.fr/N
N;Boss et adversaires spéciaux;Blanc — Palais, Reshiram;Solo;;Aéroptéryx;;50;;Défaitiste;Lame de Roc;Acrobatie;Dracogriffe;Mâchouille;https://www.pokepedia.fr/N
N;Boss et adversaires spéciaux;Blanc — Palais, Reshiram;Solo;;Zoroark;;50;;Illusion;Tranche-Nuit;Lance-Flammes;Exploforce;Vengeance;https://www.pokepedia.fr/N
N;Boss et adversaires spéciaux;Blanc — Palais, Reshiram;Solo;;Cliticlic;;50;;Plus;Luminocanon;Strido-Son;Ultralaser;Tonnerre;https://www.pokepedia.fr/N
N;Boss et adversaires spéciaux;Noir 2/Blanc 2 — printemps, pluie;Solo;;Tarpaud;;77;Orbe Vie;Crachin;Hydrocanon;Exploforce;Psyko;Hypnose;https://www.pokepedia.fr/N
N;Boss et adversaires spéciaux;Noir 2/Blanc 2 — printemps, pluie;Solo;;Lanturn;;75;;Absorb Volt;Fatal-Foudre;Rayon Signal;Hydrocanon;Stockage;https://www.pokepedia.fr/N
N;Boss et adversaires spéciaux;Noir 2/Blanc 2 — printemps, pluie;Solo;;Tentacruel;;75;Roche Humide;Corps Sain;Danse Pluie;Giga-Sangsue;Ébullition;Bouclier;https://www.pokepedia.fr/N
N;Boss et adversaires spéciaux;Noir 2/Blanc 2 — printemps, pluie;Solo;;Amonistar;;75;Roche Humide;Glissade;Danse Pluie;Hydrocanon;Laser Glace;Telluriforce;https://www.pokepedia.fr/N
N;Boss et adversaires spéciaux;Noir 2/Blanc 2 — printemps, pluie;Solo;;Kabutops;;75;;Glissade;Lame de Roc;Aqua-Jet;Plaie-Croix;Balayage;https://www.pokepedia.fr/N
N;Boss et adversaires spéciaux;Noir 2/Blanc 2 — printemps, pluie;Solo;;Staross;;75;;Médic Nature;Hydrocanon;Fatal-Foudre;Psyko;Laser Glace;https://www.pokepedia.fr/N
N;Boss et adversaires spéciaux;Noir 2/Blanc 2 — été, soleil;Solo;;Feunard;;77;Orbe Vie;Sécheresse;Déflagration;Lance-Soleil;Tricherie;Onde Folie;https://www.pokepedia.fr/N
N;Boss et adversaires spéciaux;Noir 2/Blanc 2 — été, soleil;Solo;;Arcanin;;75;;Intimidation;Vit. Extrême;Surchauffe;Éclair Fou;Colère;https://www.pokepedia.fr/N
N;Boss et adversaires spéciaux;Noir 2/Blanc 2 — été, soleil;Solo;;Galopa;;75;;Torche;Mégacorne;Tunnelier;Boutefeu;Lance-Soleil;https://www.pokepedia.fr/N
N;Boss et adversaires spéciaux;Noir 2/Blanc 2 — été, soleil;Solo;;Tengalice;;75;Roche Chaude;Chlorophyle;Vibrobscur;Exploforce;Zénith;Lance-Soleil;https://www.pokepedia.fr/N
N;Boss et adversaires spéciaux;Noir 2/Blanc 2 — été, soleil;Solo;;Ninjask;;75;Roche Chaude;Turbo;Zénith;Plaie-Croix;Lance-Soleil;Abri;https://www.pokepedia.fr/N
N;Boss et adversaires spéciaux;Noir 2/Blanc 2 — été, soleil;Solo;;Phyllali;;75;;Feuil. Garde;Lame-Feuille;Plaie-Croix;Attraction;Queue de Fer;https://www.pokepedia.fr/N
N;Boss et adversaires spéciaux;Noir 2/Blanc 2 — automne, sable;Solo;;Hippodocus;;77;Orbe Vie;Sable Volant;Lame de Roc;Mâchouille;Surpuissance;Piège de Roc;https://www.pokepedia.fr/N
N;Boss et adversaires spéciaux;Noir 2/Blanc 2 — automne, sable;Solo;;Tritosor;Occident;75;Roche Lisse;Lavabo;Telluriforce;Ocroupi;Laser Glace;Tempêtesable;https://www.pokepedia.fr/N
N;Boss et adversaires spéciaux;Noir 2/Blanc 2 — automne, sable;Solo;;Vacilys;;75;Roche Lisse;Ventouse;Tempêtesable;Giga-Sangsue;Onde Folie;Stockage;https://www.pokepedia.fr/N
N;Boss et adversaires spéciaux;Noir 2/Blanc 2 — automne, sable;Solo;;Armaldo;;75;;Armurbaston;Eboulement;Plaie-Croix;Hydroqueue;Poliroche;https://www.pokepedia.fr/N
N;Boss et adversaires spéciaux;Noir 2/Blanc 2 — automne, sable;Solo;;Cizayox;;75;;Technicien;Pisto-Poing;Coup Double;Piqûre;Aéropique;https://www.pokepedia.fr/N
N;Boss et adversaires spéciaux;Noir 2/Blanc 2 — automne, sable;Solo;;Rhinastoc;;75;;Solide Roc;Séisme;Lame de Roc;Poing de Feu;Poinglace;https://www.pokepedia.fr/N
N;Boss et adversaires spéciaux;Noir 2/Blanc 2 — hiver, grêle;Solo;;Blizzaroi;;77;Orbe Vie;Alerte Neige;Lame de Roc;Blizzard;Martobois;Siffl'Herbe;https://www.pokepedia.fr/N
N;Boss et adversaires spéciaux;Noir 2/Blanc 2 — hiver, grêle;Solo;;Sorbouboul;;75;Roche Glace;Corps Gel;Blizzard;Luminocanon;Rayon Signal;Grêle;https://www.pokepedia.fr/N
N;Boss et adversaires spéciaux;Noir 2/Blanc 2 — hiver, grêle;Solo;;Crustabri;;75;;Multi-Coups;Stalagtite;Hydrocanon;Éclats Glace;Exuviation;https://www.pokepedia.fr/N
N;Boss et adversaires spéciaux;Noir 2/Blanc 2 — hiver, grêle;Solo;;Mammochon;;75;;Rideau Neige;Séisme;Éclats Glace;Blizzard;Lame de Roc;https://www.pokepedia.fr/N
N;Boss et adversaires spéciaux;Noir 2/Blanc 2 — hiver, grêle;Solo;;Momartik;;75;Roche Glace;Rideau Neige;Blizzard;Ball'Ombre;Psyko;Abri;https://www.pokepedia.fr/N
N;Boss et adversaires spéciaux;Noir 2/Blanc 2 — hiver, grêle;Solo;;Givrali;;75;;Rideau Neige;Blizzard;Ball'Ombre;Rayon Signal;Attraction;https://www.pokepedia.fr/N
Ghetis;Boss et adversaires spéciaux;Noir/Blanc — combat final;Solo;;Tutankafer;;52;;Momie;Ball'Ombre;Abri;Psyko;Toxik;https://www.pokepedia.fr/Ghetis
Ghetis;Boss et adversaires spéciaux;Noir/Blanc — combat final;Solo;;Crapustule;;52;;Glissade;Ocroupi;Danse-Pluie;Séisme;Cradovague;https://www.pokepedia.fr/Ghetis
Ghetis;Boss et adversaires spéciaux;Noir/Blanc — combat final;Solo;;Ohmassacre;;52;;Lévitation;Éclair Fou;Lance-Flammes;Acrobatie;Mâchouille;https://www.pokepedia.fr/Ghetis
Ghetis;Boss et adversaires spéciaux;Noir/Blanc — combat final;Solo;;Frison;;52;;Téméraire;Peignée;Éclair Fou;Séisme;Direct Toxik;https://www.pokepedia.fr/Ghetis
Ghetis;Boss et adversaires spéciaux;Noir/Blanc — combat final;Solo;;Scalproie;;52;;Acharné;Tranche-Nuit;Lame de Roc;Plaie-Croix;Fulmifer;https://www.pokepedia.fr/Ghetis
Ghetis;Boss et adversaires spéciaux;Noir/Blanc — combat final;Solo;;Trioxhydre;;54;;Lévitation;Dracochoc;Déflagration;Surf;Exploforce;https://www.pokepedia.fr/Ghetis
Ghetis;Boss et adversaires spéciaux;Noir 2/Blanc 2 — combat final;Solo;;Tutankafer;;50;Restes;Momie;Ball'Ombre;Psyko;Abri;Toxik;https://www.pokepedia.fr/Ghetis
Ghetis;Boss et adversaires spéciaux;Noir 2/Blanc 2 — combat final;Solo;;Ohmassacre;;50;;Lévitation;Tonnerre;Lance-Flammes;Acrobatie;Mâchouille;https://www.pokepedia.fr/Ghetis
Ghetis;Boss et adversaires spéciaux;Noir 2/Blanc 2 — combat final;Solo;;Coatox;;50;;Anticipation;Casse-Brique;Direct Toxik;Coup Bas;Ball'Ombre;https://www.pokepedia.fr/Ghetis
Ghetis;Boss et adversaires spéciaux;Noir 2/Blanc 2 — combat final;Solo;;Crapustule;;50;;Toxitouche;Ocroupi;Séisme;Vampipoing;Cradovague;https://www.pokepedia.fr/Ghetis
Ghetis;Boss et adversaires spéciaux;Noir 2/Blanc 2 — combat final;Solo;;Drascore;;50;;Sniper;Tranche-Nuit;Séisme;Crochet Venin;Plaie-Croix;https://www.pokepedia.fr/Ghetis
Ghetis;Boss et adversaires spéciaux;Noir 2/Blanc 2 — combat final;Solo;;Trioxhydre;;52;Orbe Vie;Lévitation;Dracocharge;Mâchouille;Éboulement;Frustration;https://www.pokepedia.fr/Ghetis
Ghetis;Boss et adversaires spéciaux;Ultra-Soleil — Rainbow Rocket, Zekrom;Solo;;Tutankafer;;66;;Momie;Feu Follet;Ball'Ombre;Partage Force;Vibrobscur;https://www.pokepedia.fr/Ghetis
Ghetis;Boss et adversaires spéciaux;Ultra-Soleil — Rainbow Rocket, Zekrom;Solo;;Frison;;66;;Téméraire;Peignée;Direct Toxik;Séisme;Mégacorne;https://www.pokepedia.fr/Ghetis
Ghetis;Boss et adversaires spéciaux;Ultra-Soleil — Rainbow Rocket, Zekrom;Solo;;Scalproie;;66;;Acharné;Tête de Fer;Tranche-Nuit;Lame de Roc;Plaie-Croix;https://www.pokepedia.fr/Ghetis
Ghetis;Boss et adversaires spéciaux;Ultra-Soleil — Rainbow Rocket, Zekrom;Solo;;Trioxhydre;;66;;Lévitation;Dracochoc;Mégaphone;Vibrobscur;Surf;https://www.pokepedia.fr/Ghetis
Ghetis;Boss et adversaires spéciaux;Ultra-Soleil — Rainbow Rocket, Zekrom;Solo;;Zekrom;;68;;Téra-Voltage;Charge Foudre;Mégaphone;Dracogriffe;Psykoud'Boul;https://www.pokepedia.fr/Ghetis
Ghetis;Boss et adversaires spéciaux;Ultra-Lune — Rainbow Rocket, Reshiram;Solo;;Tutankafer;;66;;Momie;Feu Follet;Ball'Ombre;Partage Force;Vibrobscur;https://www.pokepedia.fr/Ghetis
Ghetis;Boss et adversaires spéciaux;Ultra-Lune — Rainbow Rocket, Reshiram;Solo;;Frison;;66;;Téméraire;Peignée;Direct Toxik;Séisme;Mégacorne;https://www.pokepedia.fr/Ghetis
Ghetis;Boss et adversaires spéciaux;Ultra-Lune — Rainbow Rocket, Reshiram;Solo;;Scalproie;;66;;Acharné;Tête de Fer;Tranche-Nuit;Lame de Roc;Plaie-Croix;https://www.pokepedia.fr/Ghetis
Ghetis;Boss et adversaires spéciaux;Ultra-Lune — Rainbow Rocket, Reshiram;Solo;;Trioxhydre;;66;;Lévitation;Dracochoc;Mégaphone;Vibrobscur;Surf;https://www.pokepedia.fr/Ghetis
Ghetis;Boss et adversaires spéciaux;Ultra-Lune — Rainbow Rocket, Reshiram;Solo;;Reshiram;;68;;Turbo Brasier;Flamme Bleue;Mégaphone;Dracogriffe;Psykoud'Boul;https://www.pokepedia.fr/Ghetis
Percupio;Boss et adversaires spéciaux;Légendes Pokémon : Arceus — équipe de six;Solo, système LPA;;Spiritomb;;68;;;Hypnose;Vibrobscur;Extrasenseur;Ball'Ombre;https://www.pokepedia.fr/Percupio
Percupio;Boss et adversaires spéciaux;Légendes Pokémon : Arceus — équipe de six;Solo, système LPA;;Roserade;;68;;;Direct Toxik;Danse Fleurs;Picots;;https://www.pokepedia.fr/Percupio
Percupio;Boss et adversaires spéciaux;Légendes Pokémon : Arceus — équipe de six;Solo, système LPA;;Togekiss;;68;;;Plénitude;Pouvoir Lunaire;Extrasenseur;Lame d'Air;https://www.pokepedia.fr/Percupio
Percupio;Boss et adversaires spéciaux;Légendes Pokémon : Arceus — équipe de six;Solo, système LPA;;Arcanin de Hisui;Hisui;68;;;Grand Courroux;Mâchouille;Éboulement;;https://www.pokepedia.fr/Percupio
Percupio;Boss et adversaires spéciaux;Légendes Pokémon : Arceus — équipe de six;Solo, système LPA;;Lucario;;68;;;Close Combat;Mâchouille;Gonflette;Pisto-Poing;https://www.pokepedia.fr/Percupio
Percupio;Boss et adversaires spéciaux;Légendes Pokémon : Arceus — équipe de six;Solo, système LPA;;Carchacrok;;68;;;Draco-Griffe;Telluriforce;Tranche;Tête de Fer;https://www.pokepedia.fr/Percupio
Percupio;Boss et adversaires spéciaux;Légendes Pokémon : Arceus — Giratina, deux phases;Deux phases successives, système LPA;;Giratina;Alternative;70;;;Aurasphère;Draco-Griffe;Telluriforce;Revenant;https://www.pokepedia.fr/Percupio
Percupio;Boss et adversaires spéciaux;Légendes Pokémon : Arceus — Giratina, deux phases;Deux phases successives, système LPA;;Giratina;Originelle;70;;;Aurasphère;Draco-Griffe;Telluriforce;Revenant;https://www.pokepedia.fr/Percupio
Guajava;Boss et adversaires spéciaux;Noir 2 — Tour Noire, mode Normal;Solo;;Latios;;80;Herbeblanche;Lévitation;Draco Météor;Psyko;Vent Glace;Tonnerre;https://www.pokepedia.fr/Guajava
Guajava;Boss et adversaires spéciaux;Noir 2 — Tour Noire, mode Normal;Solo;;Carchacrok;;80;Orbe Vie;Voile Sable;Colère;Séisme;Déflagration;Lame de Roc;https://www.pokepedia.fr/Guajava
Guajava;Boss et adversaires spéciaux;Noir 2 — Tour Noire, mode Normal;Solo;;Pyrax;;80;Ceinture Force;Corps Ardent;Papillodanse;Bourdon;Déflagration;Psyko;https://www.pokepedia.fr/Guajava
Guajava;Boss et adversaires spéciaux;Noir 2 — Tour Noire, mode Challenge;Solo;;Latios;;85;Herbeblanche;Lévitation;Draco Météor;Psyko;Vent Glace;Tonnerre;https://www.pokepedia.fr/Guajava
Guajava;Boss et adversaires spéciaux;Noir 2 — Tour Noire, mode Challenge;Solo;;Carchacrok;;85;Orbe Vie;Voile Sable;Colère;Séisme;Déflagration;Lame de Roc;https://www.pokepedia.fr/Guajava
Guajava;Boss et adversaires spéciaux;Noir 2 — Tour Noire, mode Challenge;Solo;;Pyrax;;85;Ceinture Force;Corps Ardent;Papillodanse;Bourdon;Déflagration;Psyko;https://www.pokepedia.fr/Guajava
Guajava;Boss et adversaires spéciaux;Blanc 2 — Arbre Creux Blanc, mode Normal;Solo;;Latias;;80;Herbeblanche;Lévitation;Draco Météor;Psyko;Vent Glace;Tonnerre;https://www.pokepedia.fr/Guajava
Guajava;Boss et adversaires spéciaux;Blanc 2 — Arbre Creux Blanc, mode Normal;Solo;;Dracolosse;;80;Orbe Vie;Attention;Colère;Exploforce;Danse Draco;Déflagration;https://www.pokepedia.fr/Guajava
Guajava;Boss et adversaires spéciaux;Blanc 2 — Arbre Creux Blanc, mode Normal;Solo;;Pyrax;;80;Ceinture Force;Corps Ardent;Papillodanse;Bourdon;Déflagration;Psyko;https://www.pokepedia.fr/Guajava
Guajava;Boss et adversaires spéciaux;Blanc 2 — Arbre Creux Blanc, mode Challenge;Solo;;Latias;;85;Herbeblanche;Lévitation;Draco Météor;Psyko;Vent Glace;Tonnerre;https://www.pokepedia.fr/Guajava
Guajava;Boss et adversaires spéciaux;Blanc 2 — Arbre Creux Blanc, mode Challenge;Solo;;Dracolosse;;85;Orbe Vie;Attention;Colère;Exploforce;Danse Draco;Déflagration;https://www.pokepedia.fr/Guajava
Guajava;Boss et adversaires spéciaux;Blanc 2 — Arbre Creux Blanc, mode Challenge;Solo;;Pyrax;;85;Ceinture Force;Corps Ardent;Papillodanse;Bourdon;Déflagration;Psyko;https://www.pokepedia.fr/Guajava
Giovanni;Boss et adversaires spéciaux;Ultra-Soleil — Rainbow Rocket, Méga-Mewtwo X;Solo;;Triopikeur;;68;Roche Lisse;Voile Sable;Tempête de Sable;Séisme;Coup Bas;Piège de Roc;https://www.pokepedia.fr/Giovanni
Giovanni;Boss et adversaires spéciaux;Ultra-Soleil — Rainbow Rocket, Méga-Mewtwo X;Solo;;Nidoqueen;;68;;Point Poison;Surf;Cradovague;Telluriforce;Lance-Flammes;https://www.pokepedia.fr/Giovanni
Giovanni;Boss et adversaires spéciaux;Ultra-Soleil — Rainbow Rocket, Méga-Mewtwo X;Solo;;Nidoking;;68;;Point Poison;Séisme;Direct Toxik;Exécu-Son;Hydroqueue;https://www.pokepedia.fr/Giovanni
Giovanni;Boss et adversaires spéciaux;Ultra-Soleil — Rainbow Rocket, Méga-Mewtwo X;Solo;;Rhinastoc;;68;;Paratonnerre;Mégacorne;Séisme;Lame de Roc;Poing-Éclair;https://www.pokepedia.fr/Giovanni
Giovanni;Boss et adversaires spéciaux;Ultra-Soleil — Rainbow Rocket, Méga-Mewtwo X;Solo;;Mewtwo;Méga X;70;Mewtwoïte X;Impassible;Psykoud'Boul;Séisme;Lame de Roc;Vampipoing;https://www.pokepedia.fr/Giovanni
Giovanni;Boss et adversaires spéciaux;Ultra-Lune — Rainbow Rocket, Méga-Mewtwo Y;Solo;;Triopikeur;;68;Roche Lisse;Voile Sable;Tempête de Sable;Séisme;Coup Bas;Piège de Roc;https://www.pokepedia.fr/Giovanni
Giovanni;Boss et adversaires spéciaux;Ultra-Lune — Rainbow Rocket, Méga-Mewtwo Y;Solo;;Nidoqueen;;68;;Point Poison;Surf;Cradovague;Telluriforce;Lance-Flammes;https://www.pokepedia.fr/Giovanni
Giovanni;Boss et adversaires spéciaux;Ultra-Lune — Rainbow Rocket, Méga-Mewtwo Y;Solo;;Nidoking;;68;;Point Poison;Séisme;Direct Toxik;Exécu-Son;Hydroqueue;https://www.pokepedia.fr/Giovanni
Giovanni;Boss et adversaires spéciaux;Ultra-Lune — Rainbow Rocket, Méga-Mewtwo Y;Solo;;Rhinastoc;;68;;Paratonnerre;Mégacorne;Séisme;Lame de Roc;Poing-Éclair;https://www.pokepedia.fr/Giovanni
Giovanni;Boss et adversaires spéciaux;Ultra-Lune — Rainbow Rocket, Méga-Mewtwo Y;Solo;;Mewtwo;Méga Y;70;Mewtwoïte Y;Insomnia;Frappe Psy;Aurasphère;Psyko;Laser Glace;https://www.pokepedia.fr/Giovanni
Hélio;Boss et adversaires spéciaux;Platine — Monde Distorsion;Solo;;Démolosse;;45;;Torche;Vibrobscur;Lance-Flamme;Feu Follet;Crocs Éclair;https://www.pokepedia.fr/H%C3%A9lio
Hélio;Boss et adversaires spéciaux;Platine — Monde Distorsion;Solo;;Nostenfer;;46;;Attention;Onde Folie;Toxik;Lame d'Air;Poison-Croix;https://www.pokepedia.fr/H%C3%A9lio
Hélio;Boss et adversaires spéciaux;Platine — Monde Distorsion;Solo;;Corboss;;47;Baie Sitrus;Insomnia;Tranche-Nuit;Psyko;Canicule;Bec Vrille;https://www.pokepedia.fr/H%C3%A9lio
Hélio;Boss et adversaires spéciaux;Platine — Monde Distorsion;Solo;;Léviator;;46;;Intimidation;Séisme;Cascade;Giga Impact;Crocs Givre;https://www.pokepedia.fr/H%C3%A9lio
Hélio;Boss et adversaires spéciaux;Platine — Monde Distorsion;Solo;;Dimoret;;48;;Pression;Plaie-Croix;Poinglace;Tranche-Nuit;Bluff;https://www.pokepedia.fr/H%C3%A9lio
Hélio;Boss et adversaires spéciaux;Ultra-Soleil — Rainbow Rocket, Dialga;Solo;;Démolosse;;65;;Attention;Déflagration;Vibrobscur;Bomb-Beurk;Ball'Ombre;https://www.pokepedia.fr/H%C3%A9lio
Hélio;Boss et adversaires spéciaux;Ultra-Soleil — Rainbow Rocket, Dialga;Solo;;Corboss;;65;;Insomnia;Tranche-Nuit;Piqué;Canicule;Vent Glace;https://www.pokepedia.fr/H%C3%A9lio
Hélio;Boss et adversaires spéciaux;Ultra-Soleil — Rainbow Rocket, Dialga;Solo;;Nostenfer;;65;;Attention;Poison-Croix;Psykoud'Boul;Plaie-Croix;Croc Fatal;https://www.pokepedia.fr/H%C3%A9lio
Hélio;Boss et adversaires spéciaux;Ultra-Soleil — Rainbow Rocket, Dialga;Solo;;Dimoret;;65;;Pression;Tranche-Nuit;Vive-Attaque;Poing-Glace;Casse-Brique;https://www.pokepedia.fr/H%C3%A9lio
Hélio;Boss et adversaires spéciaux;Ultra-Soleil — Rainbow Rocket, Dialga;Solo;;Dialga;;67;;Pression;Hurle-Temps;Luminocanon;Telluriforce;Lance-Flammes;https://www.pokepedia.fr/H%C3%A9lio
Hélio;Boss et adversaires spéciaux;Ultra-Lune — Rainbow Rocket, Palkia;Solo;;Démolosse;;65;;Attention;Déflagration;Vibrobscur;Bomb-Beurk;Ball'Ombre;https://www.pokepedia.fr/H%C3%A9lio
Hélio;Boss et adversaires spéciaux;Ultra-Lune — Rainbow Rocket, Palkia;Solo;;Corboss;;65;;Insomnia;Tranche-Nuit;Piqué;Canicule;Vent Glace;https://www.pokepedia.fr/H%C3%A9lio
Hélio;Boss et adversaires spéciaux;Ultra-Lune — Rainbow Rocket, Palkia;Solo;;Nostenfer;;65;;Attention;Poison-Croix;Psykoud'Boul;Plaie-Croix;Croc Fatal;https://www.pokepedia.fr/H%C3%A9lio
Hélio;Boss et adversaires spéciaux;Ultra-Lune — Rainbow Rocket, Palkia;Solo;;Dimoret;;65;;Pression;Tranche-Nuit;Vive-Attaque;Poing-Glace;Casse-Brique;https://www.pokepedia.fr/H%C3%A9lio
Hélio;Boss et adversaires spéciaux;Ultra-Lune — Rainbow Rocket, Palkia;Solo;;Palkia;;67;;Pression;Spatio-Rift;Surf;Telluriforce;Tonnerre;https://www.pokepedia.fr/H%C3%A9lio
Lysandre;Boss et adversaires spéciaux;X/Y — dernier combat Team Flare;Solo;;Shaofouine;;49;;Attention;Pied Voltige;Acrobatie;Danse-Lames;Demi-Tour;https://www.pokepedia.fr/Lysandre
Lysandre;Boss et adversaires spéciaux;X/Y — dernier combat Team Flare;Solo;;Corboss;;49;;Chanceux;Tranche-Nuit;Aéropique;Aile d'Acier;Vengeance;https://www.pokepedia.fr/Lysandre
Lysandre;Boss et adversaires spéciaux;X/Y — dernier combat Team Flare;Solo;;Némélios;;51;;Tension;Déflagration;Mégaphone;Vibrobscur;Lance-Soleil;https://www.pokepedia.fr/Lysandre
Lysandre;Boss et adversaires spéciaux;X/Y — dernier combat Team Flare;Solo;;Léviator;Méga;53;Léviatorite;Brise Moule;Hydroqueue;Séisme;Colère;Tête de Fer;https://www.pokepedia.fr/Lysandre
Lysandre;Boss et adversaires spéciaux;Ultra-Soleil — Rainbow Rocket, Xerneas;Solo;;Shaofouine;;65;;Attention;Bluff;Double Baffe;Pied Voltige;Demi-Tour;https://www.pokepedia.fr/Lysandre
Lysandre;Boss et adversaires spéciaux;Ultra-Soleil — Rainbow Rocket, Xerneas;Solo;;Corboss;;65;;Chanceux;Vibrobscur;Canicule;Psyko;Ball'Ombre;https://www.pokepedia.fr/Lysandre
Lysandre;Boss et adversaires spéciaux;Ultra-Soleil — Rainbow Rocket, Xerneas;Solo;;Némélios;;65;;Tension;Lance-Flammes;Mégaphone;Aboiement;Feu Follet;https://www.pokepedia.fr/Lysandre
Lysandre;Boss et adversaires spéciaux;Ultra-Soleil — Rainbow Rocket, Xerneas;Solo;;Léviator;Méga;65;Léviatorite;Brise Moule;Mâchouille;Cascade;Séisme;Lame de Roc;https://www.pokepedia.fr/Lysandre
Lysandre;Boss et adversaires spéciaux;Ultra-Soleil — Rainbow Rocket, Xerneas;Solo;;Xerneas;Paisible;67;;Aura Féérique;Géo-Contrôle;Pouvoir Lunaire;Tonnerre;Choc Psy;https://www.pokepedia.fr/Lysandre
Lysandre;Boss et adversaires spéciaux;Ultra-Lune — Rainbow Rocket, Yveltal;Solo;;Shaofouine;;65;;Attention;Bluff;Double Baffe;Pied Voltige;Demi-Tour;https://www.pokepedia.fr/Lysandre
Lysandre;Boss et adversaires spéciaux;Ultra-Lune — Rainbow Rocket, Yveltal;Solo;;Corboss;;65;;Chanceux;Vibrobscur;Canicule;Psyko;Ball'Ombre;https://www.pokepedia.fr/Lysandre
Lysandre;Boss et adversaires spéciaux;Ultra-Lune — Rainbow Rocket, Yveltal;Solo;;Némélios;;65;;Tension;Lance-Flammes;Mégaphone;Aboiement;Feu Follet;https://www.pokepedia.fr/Lysandre
Lysandre;Boss et adversaires spéciaux;Ultra-Lune — Rainbow Rocket, Yveltal;Solo;;Léviator;Méga;65;Léviatorite;Brise Moule;Mâchouille;Cascade;Séisme;Lame de Roc;https://www.pokepedia.fr/Lysandre
Lysandre;Boss et adversaires spéciaux;Ultra-Lune — Rainbow Rocket, Yveltal;Solo;;Yveltal;;67;;Aura Ténébreuse;Mort-Ailes;Lame d'Air;Psyko;Ball'Ombre;https://www.pokepedia.fr/Lysandre
Lysandre;Boss et adversaires spéciaux;Légendes Pokémon : Z-A — équipe de six;Solo;;Némélios;;78;;;Mégaphone;Lance-Flammes;Aboiement;Lance-Soleil;https://www.pokepedia.fr/Lysandre
Lysandre;Boss et adversaires spéciaux;Légendes Pokémon : Z-A — équipe de six;Solo;;Florges;Rouge;78;;;Éco-Sphère;Éclat Magique;Psyko;Plénitude;https://www.pokepedia.fr/Lysandre
Lysandre;Boss et adversaires spéciaux;Légendes Pokémon : Z-A — équipe de six;Solo;;Ténéfix;;78;;;Feu Follet;Tranche-Nuit;Griffe Ombre;Onde Folie;https://www.pokepedia.fr/Lysandre
Lysandre;Boss et adversaires spéciaux;Légendes Pokémon : Z-A — équipe de six;Solo;;Bruyverne;;79;;;Bang Sonique;Vent Violent;Draco-Choc;Croc Fatal;https://www.pokepedia.fr/Lysandre
Lysandre;Boss et adversaires spéciaux;Légendes Pokémon : Z-A — équipe de six;Solo;;Miasmax;;79;;;Détricanon;Centrifugifle;Boule Roc;Griffe Acier;https://www.pokepedia.fr/Lysandre
Lysandre;Boss et adversaires spéciaux;Légendes Pokémon : Z-A — équipe de six;Solo;;Léviator;Méga;80;Léviatorite;;Mâchouille;Cascade;Crocs Givre;Séisme;https://www.pokepedia.fr/Lysandre
Arthur;Boss et adversaires spéciaux;Saphir Alpha — Caverne Fondmer;Solo;;Grahyèna;;41;;Pied Véloce;Grimace;Embargo;Provoc;Bélier;https://www.pokepedia.fr/Arthur_(Team_Aqua)
Arthur;Boss et adversaires spéciaux;Saphir Alpha — Caverne Fondmer;Solo;;Nostenfer;;41;;Attention;Acrobatie;Crochet Venin;Buée Noire;Regard Noir;https://www.pokepedia.fr/Arthur_(Team_Aqua)
Arthur;Boss et adversaires spéciaux;Saphir Alpha — Caverne Fondmer;Solo;;Grotadmorv;;41;;Puanteur;Grincement;Cradovague;Détricanon;Piège de Venin;https://www.pokepedia.fr/Arthur_(Team_Aqua)
Arthur;Boss et adversaires spéciaux;Saphir Alpha — Caverne Fondmer;Solo;;Sharpedo;Méga;43;Sharpedite;Prognathe;Grimace;Mâchouille;Crochet Venin;Tranche;https://www.pokepedia.fr/Arthur_(Team_Aqua)
Arthur;Boss et adversaires spéciaux;Ultra-Soleil/Ultra-Lune — Rainbow Rocket;Solo;;Grahyèna;;64;;Intimidation;Mâchouille;Crocs Feu;Crocs Éclair;Crocs Givre;https://www.pokepedia.fr/Arthur_(Team_Aqua)
Arthur;Boss et adversaires spéciaux;Ultra-Soleil/Ultra-Lune — Rainbow Rocket;Solo;;Nostenfer;;64;;Attention;Lame d'Air;Toxik;Vibrobscur;Bomb-Beurk;https://www.pokepedia.fr/Arthur_(Team_Aqua)
Arthur;Boss et adversaires spéciaux;Ultra-Soleil/Ultra-Lune — Rainbow Rocket;Solo;;Grotadmorv;;64;;;Détricanon;Poing de Feu;Poing-Éclair;Poing-Glace;https://www.pokepedia.fr/Arthur_(Team_Aqua)
Arthur;Boss et adversaires spéciaux;Ultra-Soleil/Ultra-Lune — Rainbow Rocket;Solo;;Sharpedo;;64;;Peau Dure;Tranche-Nuit;Aqua-Brèche;Crocs Givre;Crochet Venin;https://www.pokepedia.fr/Arthur_(Team_Aqua)
Arthur;Boss et adversaires spéciaux;Ultra-Soleil/Ultra-Lune — Rainbow Rocket;Solo;;Kyogre;;66;;Crachin;Hydrocanon;Laser Glace;Pouvoir Antique;Fatal-Foudre;https://www.pokepedia.fr/Arthur_(Team_Aqua)
Max;Boss et adversaires spéciaux;Rubis Oméga — Caverne Fondmer;Solo;;Grahyèna;;41;;Pied Véloce;Grimace;Bélier;Provoc;Embargo;https://www.pokepedia.fr/Max_(Team_Magma)
Max;Boss et adversaires spéciaux;Rubis Oméga — Caverne Fondmer;Solo;;Smogogo;;41;;Lévitation;Buée Noire;Coup Double;Bomb-Beurk;Explosion;https://www.pokepedia.fr/Max_(Team_Magma)
Max;Boss et adversaires spéciaux;Rubis Oméga — Caverne Fondmer;Solo;;Nostenfer;;41;;Attention;Crochet Venin;Regard Noir;Acrobatie;Buée Noire;https://www.pokepedia.fr/Max_(Team_Magma)
Max;Boss et adversaires spéciaux;Rubis Oméga — Caverne Fondmer;Solo;;Camérupt;Méga;43;Caméruptite;Armumagma;Malédiction;Bélier;Éboulement;Bâillement;https://www.pokepedia.fr/Max_(Team_Magma)
Max;Boss et adversaires spéciaux;Ultra-Soleil/Ultra-Lune — Rainbow Rocket;Solo;;Grahyèna;;64;;Intimidation;Mâchouille;Crocs Feu;Crocs Éclair;Crocs Givre;https://www.pokepedia.fr/Max_(Team_Magma)
Max;Boss et adversaires spéciaux;Ultra-Soleil/Ultra-Lune — Rainbow Rocket;Solo;;Nostenfer;;64;;Attention;Lame d'Air;Toxik;Vibrobscur;Bomb-Beurk;https://www.pokepedia.fr/Max_(Team_Magma)
Max;Boss et adversaires spéciaux;Ultra-Soleil/Ultra-Lune — Rainbow Rocket;Solo;;Smogogo;;64;;Lévitation;Bomb-Beurk;Tonnerre;Ball'Ombre;Balance;https://www.pokepedia.fr/Max_(Team_Magma)
Max;Boss et adversaires spéciaux;Ultra-Soleil/Ultra-Lune — Rainbow Rocket;Solo;;Camérupt;;64;;;Séisme;Lame de Roc;Lance-Flammes;Luminocanon;https://www.pokepedia.fr/Max_(Team_Magma)
Max;Boss et adversaires spéciaux;Ultra-Soleil/Ultra-Lune — Rainbow Rocket;Solo;;Groudon;;66;;Sécheresse;Séisme;Lance-Flammes;Pouvoir Antique;Lance-Soleil;https://www.pokepedia.fr/Max_(Team_Magma)
Guzma;Boss et adversaires spéciaux;Ultra-Soleil/Ultra-Lune — défense du titre;Solo;;Sarmuraï;;68;;Repli Tactique;Coup Bas;Cascade;Escarmouche;Casse-Brique;https://www.pokepedia.fr/Guzma
Guzma;Boss et adversaires spéciaux;Ultra-Soleil/Ultra-Lune — défense du titre;Solo;;Lucanon;;68;;Lévitation;Luminocanon;Tonnerre;Bourdon;Éco-Sphère;https://www.pokepedia.fr/Guzma
Guzma;Boss et adversaires spéciaux;Ultra-Soleil/Ultra-Lune — défense du titre;Solo;;Maskadra;;68;;Intimidation;Lame d'Air;Bourdon;Laser Glace;Éco-Sphère;https://www.pokepedia.fr/Guzma
Guzma;Boss et adversaires spéciaux;Ultra-Soleil/Ultra-Lune — défense du titre;Solo;;Scarabrute;;68;;Brise Moule;Exécu-Son;Yama Arashi;Plaie-Croix;Lame de Roc;https://www.pokepedia.fr/Guzma
Guzma;Boss et adversaires spéciaux;Ultra-Soleil/Ultra-Lune — défense du titre;Solo;;Cizayox;;68;;Technicien;Plaie-Croix;Tête de Fer;Tranche-Nuit;Pisto-Poing;https://www.pokepedia.fr/Guzma
IA d’Olim;Boss et adversaires spéciaux;Écarlate — Zone Zéro, équipe Paradoxe;Solo;;Rampe-Ailes;;66;;Paléosynthèse;Balayette;Furie-Bond;Psykoud'Boul;Vampirisme;https://www.pokepedia.fr/Professeure_Olim
IA d’Olim;Boss et adversaires spéciaux;Écarlate — Zone Zéro, équipe Paradoxe;Solo;;Hurle-Queue;;66;;Paléosynthèse;Câlinerie;Poing Glace;Psykoud'Boul;Vampi-Poing;https://www.pokepedia.fr/Professeure_Olim
IA d’Olim;Boss et adversaires spéciaux;Écarlate — Zone Zéro, équipe Paradoxe;Solo;;Flotte-Mèche;;66;;Paléosynthèse;Ball'Ombre;Feu Ensorcelé;Rayon Gemme;Tonnerre;https://www.pokepedia.fr/Professeure_Olim
IA d’Olim;Boss et adversaires spéciaux;Écarlate — Zone Zéro, équipe Paradoxe;Solo;;Fongus-Furie;;66;;Paléosynthèse;Coup Bas;Giga-Sangsue;Représailles;Telluriforce;https://www.pokepedia.fr/Professeure_Olim
IA d’Olim;Boss et adversaires spéciaux;Écarlate — Zone Zéro, équipe Paradoxe;Solo;;Pelage-Sablé;;66;;Paléosynthèse;Coup d'Jus;Luminocanon;Rayon Gemme;Telluriforce;https://www.pokepedia.fr/Professeure_Olim
IA d’Olim;Boss et adversaires spéciaux;Écarlate — Zone Zéro, équipe Paradoxe;Solo;;Rugit-Lune;;67;Énergie Booster;Paléosynthèse;Draco-Griffe;Lame de Roc;Séisme;Tranche-Nuit;https://www.pokepedia.fr/Professeure_Olim
IA d’Olim;Boss et adversaires spéciaux;Écarlate — confrontation finale, Koraidon;Phase scénarisée imposée;;Koraidon;Finale;72;Roche Chaude;Pouls Orichalque;Giga Impact;Gonflette;Lance-Flammes;Provoc;https://www.pokepedia.fr/Professeure_Olim
IA de Turum;Boss et adversaires spéciaux;Violet — Zone Zéro, équipe Paradoxe;Solo;;Mite-de-Fer;;66;;Charge Quantique;Coup d'Jus;Cradovague;Danse du Feu;Lame d'Air;https://www.pokepedia.fr/Professeur_Turum
IA de Turum;Boss et adversaires spéciaux;Violet — Zone Zéro, équipe Paradoxe;Solo;;Épine-de-Fer;;66;;Charge Quantique;Casse-Brique;Lame de Roc;Poing Éclair;Séisme;https://www.pokepedia.fr/Professeur_Turum
IA de Turum;Boss et adversaires spéciaux;Violet — Zone Zéro, équipe Paradoxe;Solo;;Hotte-de-Fer;;66;;Charge Quantique;Vibraqua;Bec Vrille;Chute de Neige;Lyophilisation;https://www.pokepedia.fr/Professeur_Turum
IA de Turum;Boss et adversaires spéciaux;Violet — Zone Zéro, équipe Paradoxe;Solo;;Têtes-de-Fer;;66;;Charge Quantique;Lame d'Air;Lance-Flammes;Luminocanon;Vibrobscur;https://www.pokepedia.fr/Professeur_Turum
IA de Turum;Boss et adversaires spéciaux;Violet — Zone Zéro, équipe Paradoxe;Solo;;Paume-de-Fer;;66;;Charge Quantique;Bluff;Poing Éclair;Vampi-Poing;Tête de Fer;https://www.pokepedia.fr/Professeur_Turum
IA de Turum;Boss et adversaires spéciaux;Violet — Zone Zéro, équipe Paradoxe;Solo;;Garde-de-Fer;;67;Énergie Booster;Charge Quantique;Casse-Brique;Choc Émotionnel;Coupe Psycho;Direct Toxik;https://www.pokepedia.fr/Professeur_Turum
IA de Turum;Boss et adversaires spéciaux;Violet — confrontation finale, Miraidon;Phase scénarisée imposée;;Miraidon;Ultime;72;Champ'Duit;Moteur à Hadrons;Chargeur;Provoc;Rayon Gemme;Ultralaser;https://www.pokepedia.fr/Professeur_Turum
Dhilan;Boss et adversaires spéciaux;Épée/Bouclier — Couronneige, Grand Antre Dynamax;Solo;;Berserkatt;;74;;;Demi-Tour;Tête de Fer;Canon Graine;Exécu-Son;https://www.pokepedia.fr/Dhilan
Dhilan;Boss et adversaires spéciaux;Épée/Bouclier — Couronneige, Grand Antre Dynamax;Solo;;Archéodong;;70;;Ignifugé;Extrasenseur;Luminocanon;Plénitude;Ball'Ombre;https://www.pokepedia.fr/Dhilan
Dhilan;Boss et adversaires spéciaux;Épée/Bouclier — Couronneige, Grand Antre Dynamax;Solo;;Cizayox;;73;;;Plaie Croix;Pisto-Poing;Cru-Ailes;Coup Double;https://www.pokepedia.fr/Dhilan
Dhilan;Boss et adversaires spéciaux;Épée/Bouclier — Couronneige, Grand Antre Dynamax;Solo;;Pachyradjah;;74;;Sans Limite;Tacle Lourd;Câlinerie;Cavalerie Lourde;Surpuissance;https://www.pokepedia.fr/Dhilan
Dhilan;Boss et adversaires spéciaux;Épée/Bouclier — Couronneige, Grand Antre Dynamax;Solo;;Galeking;;74;;Fermeté;Mâchouille;Tête de Fer;Lame de Roc;Big Splash;https://www.pokepedia.fr/Dhilan
Irido;Conseil 4 Myrtille;Écarlate/Violet — Myrtille, revanche;Duo;;Libégon;;83;Orbe Vie;Lévitation;Abattage;Lame de Roc;Poing Feu;Séisme;https://www.pokepedia.fr/Irido
Irido;Conseil 4 Myrtille;Écarlate/Violet — Myrtille, revanche;Duo;;Dracolosse;;83;Baie Nanone;Multiécaille;Cryo-Pirouette;Poing Éclair;Vent Arrière;Vitesse Extrême;https://www.pokepedia.fr/Irido
Irido;Conseil 4 Myrtille;Écarlate/Violet — Myrtille, revanche;Duo;;Jungko;;84;Vulné-Assurance;Délestage;Acrobatie;Cri Draconique;Plaie Croix;Tempête Verte;https://www.pokepedia.fr/Irido
Irido;Conseil 4 Myrtille;Écarlate/Violet — Myrtille, revanche;Duo;;Hyporoi;;84;Ceinture Pro;Glissade;Danse Pluie;Hydrocanon;Laser Glace;Vent Violent;https://www.pokepedia.fr/Irido
Irido;Conseil 4 Myrtille;Écarlate/Violet — Myrtille, revanche;Duo;;Tranchodon;;84;Ceinture Force;Brise Moule;Abattage;Danse Draco;Séisme;Tête de Fer;https://www.pokepedia.fr/Irido
Irido;Conseil 4 Myrtille;Écarlate/Violet — Myrtille, revanche;Duo;;Pondralugon;;85;Veste de Combat;Endurance;Aboiement;Draco-Météore;Fulgurayon;Luminocanon;https://www.pokepedia.fr/Irido
Nérine;Conseil 4 Myrtille;Écarlate/Violet — Myrtille, revanche;Duo;;Triopikeur d'Alola;Alola;83;Ceinture Force;Mèche Rebelle;Coup Bas;Lame de Roc;Séisme;Tête de Fer;https://www.pokepedia.fr/N%C3%A9rine
Nérine;Conseil 4 Myrtille;Écarlate/Violet — Myrtille, revanche;Duo;;Airmure;;83;Casque Brut;Fermeté;Big Splash;Double Volée;Piège de Roc;Cyclone;https://www.pokepedia.fr/N%C3%A9rine
Nérine;Conseil 4 Myrtille;Écarlate/Violet — Myrtille, revanche;Duo;;Symbios;;84;Restes;Garde Magik;Abri;Distorsion;Éco-Sphère;Psyko;https://www.pokepedia.fr/N%C3%A9rine
Nérine;Conseil 4 Myrtille;Écarlate/Violet — Myrtille, revanche;Duo;;Cizayox;;84;Baie Chocco;Technicien;Aéropique;Bond;Désherbaffe;Pisto-Poing;https://www.pokepedia.fr/N%C3%A9rine
Nérine;Conseil 4 Myrtille;Écarlate/Violet — Myrtille, revanche;Duo;;Pingoléon;;84;Eau Mystique;Torrent;Hydrocanon;Laser Glace;Luminocanon;Nœud Herbe;https://www.pokepedia.fr/N%C3%A9rine
Nérine;Conseil 4 Myrtille;Écarlate/Violet — Myrtille, revanche;Duo;;Métalosse;;85;Ceinture Pro;Corps Sain;Casse-Brique;Poing Glace;Pression Extrême;Psykoud'Boul;https://www.pokepedia.fr/N%C3%A9rine
Rubépin;Conseil 4 Myrtille;Écarlate/Violet — Myrtille, revanche;Duo;;Flambusard;;82;Ceinture Force;Corps Ardent;Atterrissage;Boutefeu;Rapace;Zénith;https://www.pokepedia.fr/Rub%C3%A9pin
Rubépin;Conseil 4 Myrtille;Écarlate/Violet — Myrtille, revanche;Duo;;Motisma;Chaleur;82;Casque Brut;Lévitation;Châtiment;Feu Follet;Surchauffe;Tonnerre;https://www.pokepedia.fr/Rub%C3%A9pin
Rubépin;Conseil 4 Myrtille;Écarlate/Violet — Myrtille, revanche;Duo;;Maganon;;83;Baie Pocpoc;Corps Ardent;Canicule;Psyko;Tonnerre;Zénith;https://www.pokepedia.fr/Rub%C3%A9pin
Rubépin;Conseil 4 Myrtille;Écarlate/Violet — Myrtille, revanche;Duo;;Camérupt;;83;Ceinture Pro;Solide Roc;Canicule;Pouvoir Antique;Psykoud'Boul;Telluriforce;https://www.pokepedia.fr/Rub%C3%A9pin
Rubépin;Conseil 4 Myrtille;Écarlate/Violet — Myrtille, revanche;Duo;;Noadkoko;;83;Baie Sitrus;Récolte;Abri;Choc Psy;Lance-Soleil;Vampigraine;https://www.pokepedia.fr/Rub%C3%A9pin
Rubépin;Conseil 4 Myrtille;Écarlate/Violet — Myrtille, revanche;Duo;;Braségali;;84;Veste de Combat;Turbo;Exploforce;Griffe Ombre;Indignition;Lame de Roc;https://www.pokepedia.fr/Rub%C3%A9pin
Taro;Conseil 4 Myrtille;Écarlate/Violet — Myrtille, revanche;Duo;;Granbull;;83;Ceinture Pro;Intimidation;Câlinerie;Poing Feu;Poing Glace;Trépignement;https://www.pokepedia.fr/Taro
Taro;Conseil 4 Myrtille;Écarlate/Violet — Myrtille, revanche;Duo;;Farfaduvet;;83;Ceinture Force;Farceur;Éco-Sphère;Mur Lumière;Pouvoir Lunaire;Vent Arrière;https://www.pokepedia.fr/Taro
Taro;Conseil 4 Myrtille;Écarlate/Violet — Myrtille, revanche;Duo;;Flagadoss de Galar;Galar;84;Baie Sitrus;Tir Vif;Kokiyarme;Lance-Flammes;Laser Glace;Psyko;https://www.pokepedia.fr/Taro
Taro;Conseil 4 Myrtille;Écarlate/Violet — Myrtille, revanche;Duo;;Oratoria;;84;Spray Gorge;Hydrata-Son;Ball'Ombre;Laser Glace;Mégaphone;Pouvoir Lunaire;https://www.pokepedia.fr/Taro
Taro;Conseil 4 Myrtille;Écarlate/Violet — Myrtille, revanche;Duo;;Charmilly;Mélange Ruby Baie en Sucre;84;Restes;Gluco-Voile;Giga-Sangsue;Nappage;Soin;Voix Envoûtante;https://www.pokepedia.fr/Taro
Taro;Conseil 4 Myrtille;Écarlate/Violet — Myrtille, revanche;Duo;;Minotaupe;;85;Veste de Combat;Brise Moule;Cavalerie Lourde;Téra Explosion;Tête de Fer;Tomberoche;https://www.pokepedia.fr/Taro
Koner;Meneurs de Zones de Combat;Diamant Étincelant/Perle Scintillante — Tour de Combat, 49e combat;Solo;;Heatran;;50;Poudre Claire;Torche;Telluriforce;Vortex Magma;Vibrobscur;Luminocanon;https://www.pokepedia.fr/Koner
Koner;Meneurs de Zones de Combat;Diamant Étincelant/Perle Scintillante — Tour de Combat, 49e combat;Solo;;Cresselia;;50;Restes;Lévitation;Plénitude;Rayon Lune;Force Ajoutée;Clonage;https://www.pokepedia.fr/Koner
Koner;Meneurs de Zones de Combat;Diamant Étincelant/Perle Scintillante — Tour de Combat, 49e combat;Solo;;Regigigas;;50;Baie Pomroz;Début Calme;Presse;Poing Glace;Lame de Roc;Abri;https://www.pokepedia.fr/Koner
Koner;Meneurs de Zones de Combat;DEPS — Tour de Combat, Expert, variante Dracolosse/Heatran/Cresselia;Solo;;Dracolosse;;50;Baie Prine;Multiécaille;Danse Draco;Colère;Séisme;Poing Éclair;https://www.pokepedia.fr/Koner
Koner;Meneurs de Zones de Combat;DEPS — Tour de Combat, Expert, variante Dracolosse/Heatran/Cresselia;Solo;;Heatran;;50;Ceinture Force;Torche;Vortex Magma;Luminocanon;Telluriforce;Draco-Choc;https://www.pokepedia.fr/Koner
Koner;Meneurs de Zones de Combat;DEPS — Tour de Combat, Expert, variante Dracolosse/Heatran/Cresselia;Solo;;Cresselia;;50;Baie Sitrus;Lévitation;Danse Lune;Cage Éclair;Rayon Lune;Laser Glace;https://www.pokepedia.fr/Koner
Koner;Meneurs de Zones de Combat;DEPS — Tour de Combat, Expert, variante Regigigas/Dracolosse/Milobellus;Solo;;Regigigas;;50;Orbe Vie;Début Calme;Presse;Séisme;Sabotage;Abri;https://www.pokepedia.fr/Koner
Koner;Meneurs de Zones de Combat;DEPS — Tour de Combat, Expert, variante Regigigas/Dracolosse/Milobellus;Solo;;Dracolosse;;50;Bandeau Choix;Multiécaille;Poing Feu;Colère;Séisme;Poing Éclair;https://www.pokepedia.fr/Koner
Koner;Meneurs de Zones de Combat;DEPS — Tour de Combat, Expert, variante Regigigas/Dracolosse/Milobellus;Solo;;Milobellus;;50;Orbe Flamme;Écaille Spéciale;Ébullition;Vent Glace;Voile Miroir;Soin;https://www.pokepedia.fr/Koner
Koner;Meneurs de Zones de Combat;DEPS — Tour de Combat, Expert, variante Heatran/Rhinastoc/Dracolosse;Solo;;Heatran;;50;Ceinture Force;Torche;Vortex Magma;Luminocanon;Telluriforce;Draco-Choc;https://www.pokepedia.fr/Koner
Koner;Meneurs de Zones de Combat;DEPS — Tour de Combat, Expert, variante Heatran/Rhinastoc/Dracolosse;Solo;;Rhinastoc;;50;Baie Sitrus;Solide Roc;Séisme;Boule Roc;Poing Glace;Empal'Korne;https://www.pokepedia.fr/Koner
Koner;Meneurs de Zones de Combat;DEPS — Tour de Combat, Expert, variante Heatran/Rhinastoc/Dracolosse;Solo;;Dracolosse;;50;Baie Prine;Multiécaille;Danse Draco;Colère;Séisme;Poing Éclair;https://www.pokepedia.fr/Koner
Cathy;Meneurs de Zones de Combat;Émeraude — Tour de Combat, symbole Or, niveau adaptatif;Solo;;Raikou;;50-100;Baie Prine;Pression;Tonnerre;Plénitude;Repos;Protection;https://www.pokepedia.fr/Cathy_(Tour_de_Combat)
Cathy;Meneurs de Zones de Combat;Émeraude — Tour de Combat, symbole Or, niveau adaptatif;Solo;;Latios;;50-100;Poudre Claire;Lévitation;Psyko;Dracogriffe;Plénitude;Soin;https://www.pokepedia.fr/Cathy_(Tour_de_Combat)
Cathy;Meneurs de Zones de Combat;Émeraude — Tour de Combat, symbole Or, niveau adaptatif;Solo;;Ronflex;;50-100;Baie Maron;Vaccin;Malédiction;Retour;Repos;Ball'Ombre;https://www.pokepedia.fr/Cathy_(Tour_de_Combat)
Cathy;Meneurs de Zones de Combat;Soleil/Lune et Ultra-Soleil/Ultra-Lune — Route 8;Solo;;Alakazam;;61;;;Psyko;Exploforce;Choc Psy;Entrave;https://www.pokepedia.fr/Cathy_(Tour_de_Combat)
Cathy;Meneurs de Zones de Combat;Soleil/Lune et Ultra-Soleil/Ultra-Lune — Route 8;Solo;;Dimoret;;61;;Pression;Tranche-Nuit;Vive-Attaque;Plaie-Croix;Casse-Brique;https://www.pokepedia.fr/Cathy_(Tour_de_Combat)
Cathy;Meneurs de Zones de Combat;Soleil/Lune et Ultra-Soleil/Ultra-Lune — Route 8;Solo;;Magirêve;;61;;Lévitation;Ball'Ombre;Éclat Magique;Éco-Sphère;Tonnerre;https://www.pokepedia.fr/Cathy_(Tour_de_Combat)
Cathy;Meneurs de Zones de Combat;Soleil/Lune et Ultra-Soleil/Ultra-Lune — Route 8;Solo;;Drattak;;61;;Intimidation;Dracogriffe;Psykoud'Boul;Crocs Feu;Crocs Éclair;https://www.pokepedia.fr/Cathy_(Tour_de_Combat)
Cathy;Meneurs de Zones de Combat;Soleil/Lune et Ultra-Soleil/Ultra-Lune — Route 8;Solo;;Ronflex;;61;;;Plaquage;Mâchouille;Tacle Lourd;Bâillement;https://www.pokepedia.fr/Cathy_(Tour_de_Combat)
Bayar;Meneurs de Zones de Combat;Émeraude — Pyramide de Combat, symbole Or;Solo;;Artikodin;;100;Lentilscope;Pression;Aéropique;Blizzard;Vibraqua;Protection;https://www.pokepedia.fr/Bayar
Bayar;Meneurs de Zones de Combat;Émeraude — Pyramide de Combat, symbole Or;Solo;;Électhor;;100;Baie Prine;Pression;Fatal-Foudre;Détection;Mur Lumière;Bec Vrille;https://www.pokepedia.fr/Bayar
Bayar;Meneurs de Zones de Combat;Émeraude — Pyramide de Combat, symbole Or;Solo;;Sulfura;;100;Poudreclaire;Pression;Aéropique;Rune Protect;Déflagration;Ultralaser;https://www.pokepedia.fr/Bayar
Chammal;Meneurs de Zones de Combat;Noir/Blanc et Noir 2/Blanc 2 — Métro Super Solo;Solo;;Minotaupe;;50;Orbe Vie;Baigne Sable;Éboulement;Direct Toxik;Séisme;Aéropique;https://www.pokepedia.fr/Chammal
Chammal;Meneurs de Zones de Combat;Noir/Blanc et Noir 2/Blanc 2 — Métro Super Solo;Solo;;Tranchodon;;50;Baie Nanone;Rivalité;Danse Draco;Dracogriffe;Séisme;Draco-Queue;https://www.pokepedia.fr/Chammal
Chammal;Meneurs de Zones de Combat;Noir/Blanc et Noir 2/Blanc 2 — Métro Super Solo;Solo;;Lugulabre;;50;Herbeblanche;Torche;Feu Follet;Abri;Surchauffe;Ball'Ombre;https://www.pokepedia.fr/Chammal
Chammal;Meneurs de Zones de Combat;Légendes Pokémon : Arceus — Dojo, équipe de six la plus élevée;Solo, système LPA;;Alakazam;;75;;;Psyko;Ball'Ombre;Éclat Magique;Plénitude;https://www.pokepedia.fr/Chammal
Chammal;Meneurs de Zones de Combat;Légendes Pokémon : Arceus — Dojo, équipe de six la plus élevée;Solo, système LPA;;Bouldeneu;;75;;;Poudre Dodo;Éco-Sphère;Pouvoir Antique;Bombe Beurk;https://www.pokepedia.fr/Chammal
Chammal;Meneurs de Zones de Combat;Légendes Pokémon : Arceus — Dojo, équipe de six la plus élevée;Solo, système LPA;;Tarinorme;;75;;;Rayon Gemme;Telluriforce;Luminocanon;Tonnerre;https://www.pokepedia.fr/Chammal
Chammal;Meneurs de Zones de Combat;Légendes Pokémon : Arceus — Dojo, équipe de six la plus élevée;Solo, système LPA;;Mackogneur;;76;;;Pisto-Poing;Poing Glace;Poing Feu;Close Combat;https://www.pokepedia.fr/Chammal
Chammal;Meneurs de Zones de Combat;Légendes Pokémon : Arceus — Dojo, équipe de six la plus élevée;Solo, système LPA;;Magnézone;;76;;;Fatal-Foudre;Triplattaque;Luminocanon;Cage Éclair;https://www.pokepedia.fr/Chammal
Chammal;Meneurs de Zones de Combat;Légendes Pokémon : Arceus — Dojo, équipe de six la plus élevée;Solo, système LPA;;Scorvol;;77;;;Telluriforce;Aéropique;Lame de Roc;Plaie Croix;https://www.pokepedia.fr/Chammal
Chamsin;Meneurs de Zones de Combat;Noir/Blanc et Noir 2/Blanc 2 — Métro Super Duo;Duo;;Minotaupe;;50;Orbe Vie;Baigne Sable;Éboulement;Direct Toxik;Séisme;Aéropique;https://www.pokepedia.fr/Chamsin
Chamsin;Meneurs de Zones de Combat;Noir/Blanc et Noir 2/Blanc 2 — Métro Super Duo;Duo;;Tranchodon;;50;Baie Nanone;Rivalité;Danse Draco;Dracogriffe;Séisme;Draco-Queue;https://www.pokepedia.fr/Chamsin
Chamsin;Meneurs de Zones de Combat;Noir/Blanc et Noir 2/Blanc 2 — Métro Super Duo;Duo;;Lugulabre;;50;Herbeblanche;Torche;Feu Follet;Abri;Surchauffe;Ball'Ombre;https://www.pokepedia.fr/Chamsin
Chamsin;Meneurs de Zones de Combat;Noir/Blanc et Noir 2/Blanc 2 — Métro Super Duo;Duo;;Ohmassacre;;50;Aimant;Lévitation;Cage-Éclair;Coup d'Jus;Tonnerre;Suc Digestif;https://www.pokepedia.fr/Chamsin
Amaryllis;Boss et adversaires spéciaux;Rubis Oméga/Saphir Alpha — Épisode Delta, Pilier Céleste;Solo;;Muplodocus;;60;;Herbivore;Dracochoc;Ocroupi;Attraction;Tonnerre;https://www.pokepedia.fr/Amaryllis
Amaryllis;Boss et adversaires spéciaux;Rubis Oméga/Saphir Alpha — Épisode Delta, Pilier Céleste;Solo;;Altaria;;60;;Médic Nature;Lance-Flamme;Pouvoir Lunaire;Mégaphone;Dracochoc;https://www.pokepedia.fr/Amaryllis
Amaryllis;Boss et adversaires spéciaux;Rubis Oméga/Saphir Alpha — Épisode Delta, Pilier Céleste;Solo;;Bruyverne;;60;;Infiltration;Dracochoc;Lame d'Air;Ball'Ombre;Croc Fatal;https://www.pokepedia.fr/Amaryllis
Amaryllis;Boss et adversaires spéciaux;Rubis Oméga/Saphir Alpha — Épisode Delta, Pilier Céleste;Solo;;Rexillius;;60;;Prognathe;Séisme;Dracogriffe;Lame de Roc;Mâchouille;https://www.pokepedia.fr/Amaryllis
Amaryllis;Boss et adversaires spéciaux;Rubis Oméga/Saphir Alpha — Épisode Delta, Pilier Céleste;Solo;;Drattak;Méga;62;Drattakite;Peau Céleste;Dracogriffe;Mâchouille;Crocs Feu;Crocs Éclair;https://www.pokepedia.fr/Amaryllis
Green;Boss et adversaires spéciaux;Let’s Go — Grotte Azurée / revanche;Solo;;Mélodelfe;;66;;;Pouvoir Lunaire;Mur Lumière;Protection;Triplattaque;https://www.pokepedia.fr/Green
Green;Boss et adversaires spéciaux;Let’s Go — Grotte Azurée / revanche;Solo;;Ectoplasma;;66;;;Vibrobscur;Ball'Ombre;Bomb-Beurk;Feu Follet;https://www.pokepedia.fr/Green
Green;Boss et adversaires spéciaux;Let’s Go — Grotte Azurée / revanche;Solo;;Empiflor;;66;;;Mégafouet;Direct Toxik;Coup Bas;Vampirisme;https://www.pokepedia.fr/Green
Green;Boss et adversaires spéciaux;Let’s Go — Grotte Azurée / revanche;Solo;;Feunard;;66;;;Déflagration;Vibrobscur;Tricherie;Ultralaser;https://www.pokepedia.fr/Green
Green;Boss et adversaires spéciaux;Let’s Go — Grotte Azurée / revanche;Solo;;Kangourex;;66;;;Uppercut;Coup Bas;Poing-Éclair;Casse-Brique;https://www.pokepedia.fr/Green
Green;Boss et adversaires spéciaux;Let’s Go — Grotte Azurée / revanche;Solo;;Tortank;Méga;68;;;Hydrocanon;Luminocanon;Laser Glace;Bluff;https://www.pokepedia.fr/Green
